,macro,iteration,value,n,n_cumsum,cost_cumsum
0,0,0,1.8925116062164307,0.0,0.0,0.0
1,0,1,1.8599069118499756,2.0,2.0,3.0
2,0,2,1.9522767066955566,2.0,4.0,5.0
3,0,3,1.938786268234253,2.0,6.0,7.0
4,0,4,1.925809621810913,2.0,8.0,9.0
5,0,5,1.9387843608856201,2.0,10.0,11.0
6,0,6,1.9547055959701538,2.0,12.0,13.0
7,0,7,1.953645944595337,2.0,14.0,15.0
8,0,8,1.9543964862823486,2.0,16.0,17.0
9,0,9,1.953529715538025,2.0,18.0,19.0
10,0,10,1.95405912399292,2.0,20.0,21.0
11,0,11,1.947941541671753,2.0,22.0,23.0
12,0,12,1.9513328075408936,2.0,24.0,25.0
13,0,13,1.9472442865371704,2.0,26.0,27.0
14,0,14,1.9435350894927979,2.0,28.0,29.0
15,0,15,1.9429932832717896,2.0,30.0,31.0
16,0,16,1.9491212368011475,2.0,32.0,33.0
17,0,17,1.9461870193481445,2.0,34.0,35.0
18,0,18,1.9443501234054565,2.0,36.0,37.0
19,0,19,1.9416183233261108,2.0,38.0,39.0
20,0,20,1.9438772201538086,2.0,40.0,41.0
21,0,21,1.9363369941711426,2.0,42.0,43.0
22,0,22,1.9377878904342651,2.0,44.0,45.0
23,0,23,1.933988094329834,2.0,46.0,47.0
24,0,24,1.9419431686401367,2.0,48.0,49.0
25,0,25,1.9466103315353394,2.0,50.0,51.0
26,0,26,1.9463341236114502,2.0,52.0,53.0
27,0,27,1.9483330249786377,2.0,54.0,55.0
28,0,28,1.944944977760315,2.0,56.0,57.0
29,0,29,1.9530224800109863,2.0,58.0,59.0
30,0,30,1.9461733102798462,2.0,60.0,61.0
31,0,31,1.948800802230835,2.0,62.0,63.0
32,0,32,1.9531017541885376,2.0,64.0,65.0
33,0,33,1.9541631937026978,2.0,66.0,67.0
34,0,34,1.9536147117614746,2.0,68.0,69.0
35,0,35,1.952784538269043,2.0,70.0,71.0
36,0,36,1.950087547302246,2.0,72.0,73.0
37,0,37,1.953953742980957,2.0,74.0,75.0
38,0,38,1.952601671218872,2.0,76.0,77.0
39,0,39,1.949817180633545,2.0,78.0,79.0
40,0,40,1.9490394592285156,2.0,80.0,81.0
41,1,0,1.8723087310791016,0.0,0.0,0.0
42,1,1,1.867976427078247,2.0,2.0,3.0
43,1,2,1.8825865983963013,2.0,4.0,5.0
44,1,3,1.9455370903015137,2.0,6.0,7.0
45,1,4,1.9157731533050537,2.0,8.0,9.0
46,1,5,1.9540367126464844,2.0,10.0,11.0
47,1,6,1.9504060745239258,2.0,12.0,13.0
48,1,7,1.953792929649353,2.0,14.0,15.0
49,1,8,1.9542009830474854,2.0,16.0,17.0
50,1,9,1.9441454410552979,2.0,18.0,19.0
51,1,10,1.9410393238067627,2.0,20.0,21.0
52,1,11,1.9376399517059326,2.0,22.0,23.0
53,1,12,1.9343291521072388,2.0,24.0,25.0
54,1,13,1.9549896717071533,2.0,26.0,27.0
55,1,14,1.9543535709381104,2.0,28.0,29.0
56,1,15,1.9540200233459473,2.0,30.0,31.0
57,1,16,1.9549479484558105,2.0,32.0,33.0
58,1,17,1.9459583759307861,2.0,34.0,35.0
59,1,18,1.9543328285217285,2.0,36.0,37.0
60,1,19,1.9515893459320068,2.0,38.0,39.0
61,1,20,1.9510990381240845,2.0,40.0,41.0
62,1,21,1.947608470916748,2.0,42.0,43.0
63,1,22,1.9459812641143799,2.0,44.0,45.0
64,1,23,1.9496955871582031,2.0,46.0,47.0
65,1,24,1.9531450271606445,2.0,48.0,49.0
66,1,25,1.9531733989715576,2.0,50.0,51.0
67,1,26,1.9548925161361694,2.0,52.0,53.0
68,1,27,1.953765630722046,2.0,54.0,55.0
69,1,28,1.9534146785736084,2.0,56.0,57.0
70,1,29,1.9550129175186157,2.0,58.0,59.0
71,1,30,1.9550151824951172,2.0,60.0,61.0
72,1,31,1.9533298015594482,2.0,62.0,63.0
73,1,32,1.9532063007354736,2.0,64.0,65.0
74,1,33,1.954963207244873,2.0,66.0,67.0
75,1,34,1.9550013542175293,2.0,68.0,69.0
76,1,35,1.9549791812896729,2.0,70.0,71.0
77,1,36,1.955003261566162,2.0,72.0,73.0
78,1,37,1.9547436237335205,2.0,74.0,75.0
79,1,38,1.9549692869186401,2.0,76.0,77.0
80,1,39,1.9512534141540527,2.0,78.0,79.0
81,1,40,1.954699993133545,2.0,80.0,81.0
82,2,0,1.8669970035552979,0.0,0.0,0.0
83,2,1,1.8705732822418213,2.0,2.0,3.0
84,2,2,1.723649263381958,2.0,4.0,5.0
85,2,3,1.8687756061553955,2.0,6.0,7.0
86,2,4,1.8473172187805176,2.0,8.0,9.0
87,2,5,1.8496711254119873,2.0,10.0,11.0
88,2,6,1.8489919900894165,2.0,12.0,13.0
89,2,7,1.8898701667785645,2.0,14.0,15.0
90,2,8,1.864696741104126,2.0,16.0,17.0
91,2,9,1.8669729232788086,2.0,18.0,19.0
92,2,10,1.880363941192627,2.0,20.0,21.0
93,2,11,1.869523048400879,2.0,22.0,23.0
94,2,12,1.886351227760315,2.0,24.0,25.0
95,2,13,1.8626301288604736,2.0,26.0,27.0
96,2,14,1.8686771392822266,2.0,28.0,29.0
97,2,15,1.87941312789917,2.0,30.0,31.0
98,2,16,1.8612024784088135,2.0,32.0,33.0
99,2,17,1.878845453262329,2.0,34.0,35.0
100,2,18,1.8843748569488525,2.0,36.0,37.0
101,2,19,1.8527511358261108,2.0,38.0,39.0
102,2,20,1.866405963897705,2.0,40.0,41.0
103,2,21,1.8762943744659424,2.0,42.0,43.0
104,2,22,1.88273286819458,2.0,44.0,45.0
105,2,23,1.8913967609405518,2.0,46.0,47.0
106,2,24,1.8586297035217285,2.0,48.0,49.0
107,2,25,1.8853944540023804,2.0,50.0,51.0
108,2,26,1.8574059009552002,2.0,52.0,53.0
109,2,27,1.8666902780532837,2.0,54.0,55.0
110,2,28,1.8620895147323608,2.0,56.0,57.0
111,2,29,1.8690500259399414,2.0,58.0,59.0
112,2,30,1.870206356048584,2.0,60.0,61.0
113,2,31,1.8849060535430908,2.0,62.0,63.0
114,2,32,1.8768806457519531,2.0,64.0,65.0
115,2,33,1.8958427906036377,2.0,66.0,67.0
116,2,34,1.8905162811279297,2.0,68.0,69.0
117,2,35,1.9087402820587158,2.0,70.0,71.0
118,2,36,1.8783588409423828,2.0,72.0,73.0
119,2,37,1.885561466217041,2.0,74.0,75.0
120,2,38,1.9303760528564453,2.0,76.0,77.0
121,2,39,1.8693315982818604,2.0,78.0,79.0
122,2,40,1.8882429599761963,2.0,80.0,81.0
123,3,0,1.873523235321045,0.0,0.0,0.0
124,3,1,1.9402366876602173,2.0,2.0,3.0
125,3,2,1.9440113306045532,2.0,4.0,5.0
126,3,3,1.9514830112457275,2.0,6.0,7.0
127,3,4,1.9546422958374023,2.0,8.0,9.0
128,3,5,1.9547674655914307,2.0,10.0,11.0
129,3,6,1.9507911205291748,2.0,12.0,13.0
130,3,7,1.9475398063659668,2.0,14.0,15.0
131,3,8,1.918349027633667,2.0,16.0,17.0
132,3,9,1.9261757135391235,2.0,18.0,19.0
133,3,10,1.954095482826233,2.0,20.0,21.0
134,3,11,1.9549856185913086,2.0,22.0,23.0
135,3,12,1.954932689666748,2.0,24.0,25.0
136,3,13,1.9491369724273682,2.0,26.0,27.0
137,3,14,1.9117285013198853,2.0,28.0,29.0
138,3,15,1.9240834712982178,2.0,30.0,31.0
139,3,16,1.9248707294464111,2.0,32.0,33.0
140,3,17,1.9038875102996826,2.0,34.0,35.0
141,3,18,1.9061524868011475,2.0,36.0,37.0
142,3,19,1.8713804483413696,2.0,38.0,39.0
143,3,20,1.903975486755371,2.0,40.0,41.0
144,3,21,1.9017186164855957,2.0,42.0,43.0
145,3,22,1.933609127998352,2.0,44.0,45.0
146,3,23,1.9296623468399048,2.0,46.0,47.0
147,3,24,1.9521621465682983,2.0,48.0,49.0
148,3,25,1.9501649141311646,2.0,50.0,51.0
149,3,26,1.9487407207489014,2.0,52.0,53.0
150,3,27,1.9446510076522827,2.0,54.0,55.0
151,3,28,1.9481751918792725,2.0,56.0,57.0
152,3,29,1.9431767463684082,2.0,58.0,59.0
153,3,30,1.9549994468688965,2.0,60.0,61.0
154,3,31,1.9546785354614258,2.0,62.0,63.0
155,3,32,1.9550156593322754,2.0,64.0,65.0
156,3,33,1.9550065994262695,2.0,66.0,67.0
157,3,34,1.9549598693847656,2.0,68.0,69.0
158,3,35,1.9548494815826416,2.0,70.0,71.0
159,3,36,1.9514189958572388,2.0,72.0,73.0
160,3,37,1.9533913135528564,2.0,74.0,75.0
161,3,38,1.9519340991973877,2.0,76.0,77.0
162,3,39,1.9528660774230957,2.0,78.0,79.0
163,3,40,1.9532551765441895,2.0,80.0,81.0
164,4,0,1.0452197790145874,0.0,0.0,0.0
165,4,1,1.0412050485610962,2.0,2.0,3.0
166,4,2,1.0319255590438843,2.0,4.0,5.0
167,4,3,1.0351840257644653,2.0,6.0,7.0
168,4,4,1.0280555486679077,2.0,8.0,9.0
169,4,5,1.030901312828064,2.0,10.0,11.0
170,4,6,1.0307929515838623,2.0,12.0,13.0
171,4,7,1.9463462829589844,2.0,14.0,15.0
172,4,8,1.952138900756836,2.0,16.0,17.0
173,4,9,1.928053855895996,2.0,18.0,19.0
174,4,10,1.952601432800293,2.0,20.0,21.0
175,4,11,1.9545222520828247,2.0,22.0,23.0
176,4,12,1.949563980102539,2.0,24.0,25.0
177,4,13,1.9543163776397705,2.0,26.0,27.0
178,4,14,1.9469666481018066,2.0,28.0,29.0
179,4,15,1.9377171993255615,2.0,30.0,31.0
180,4,16,1.9422500133514404,2.0,32.0,33.0
181,4,17,1.9483284950256348,2.0,34.0,35.0
182,4,18,1.9495348930358887,2.0,36.0,37.0
183,4,19,1.9481682777404785,2.0,38.0,39.0
184,4,20,1.947009563446045,2.0,40.0,41.0
185,4,21,1.9456534385681152,2.0,42.0,43.0
186,4,22,1.9369527101516724,2.0,44.0,45.0
187,4,23,1.9387989044189453,2.0,46.0,47.0
188,4,24,1.9445252418518066,2.0,48.0,49.0
189,4,25,1.9409465789794922,2.0,50.0,51.0
190,4,26,1.9508028030395508,2.0,52.0,53.0
191,4,27,1.950556993484497,2.0,54.0,55.0
192,4,28,1.9460792541503906,2.0,56.0,57.0
193,4,29,1.9489290714263916,2.0,58.0,59.0
194,4,30,1.941011905670166,2.0,60.0,61.0
195,4,31,1.9510000944137573,2.0,62.0,63.0
196,4,32,1.9521229267120361,2.0,64.0,65.0
197,4,33,1.9548656940460205,2.0,66.0,67.0
198,4,34,1.9543492794036865,2.0,68.0,69.0
199,4,35,1.9547767639160156,2.0,70.0,71.0
200,4,36,1.9542815685272217,2.0,72.0,73.0
201,4,37,1.954923391342163,2.0,74.0,75.0
202,4,38,1.953240156173706,2.0,76.0,77.0
203,4,39,1.9517700672149658,2.0,78.0,79.0
204,4,40,1.9545493125915527,2.0,80.0,81.0
205,5,0,1.9474616050720215,0.0,0.0,0.0
206,5,1,1.8958430290222168,2.0,2.0,3.0
207,5,2,1.9481841325759888,2.0,4.0,5.0
208,5,3,1.9361599683761597,2.0,6.0,7.0
209,5,4,1.9398620128631592,2.0,8.0,9.0
210,5,5,1.942502498626709,2.0,10.0,11.0
211,5,6,1.9528645277023315,2.0,12.0,13.0
212,5,7,1.9535328149795532,2.0,14.0,15.0
213,5,8,1.949105978012085,2.0,16.0,17.0
214,5,9,1.9549800157546997,2.0,18.0,19.0
215,5,10,1.952569603919983,2.0,20.0,21.0
216,5,11,1.9530929327011108,2.0,22.0,23.0
217,5,12,1.9531700611114502,2.0,24.0,25.0
218,5,13,1.948007345199585,2.0,26.0,27.0
219,5,14,1.941455602645874,2.0,28.0,29.0
220,5,15,1.9418885707855225,2.0,30.0,31.0
221,5,16,1.9409890174865723,2.0,32.0,33.0
222,5,17,1.9416217803955078,2.0,34.0,35.0
223,5,18,1.941575527191162,2.0,36.0,37.0
224,5,19,1.9414284229278564,2.0,38.0,39.0
225,5,20,1.9397923946380615,2.0,40.0,41.0
226,5,21,1.9342824220657349,2.0,42.0,43.0
227,5,22,1.9404511451721191,2.0,44.0,45.0
228,5,23,1.929726004600525,2.0,46.0,47.0
229,5,24,1.9444124698638916,2.0,48.0,49.0
230,5,25,1.944319248199463,2.0,50.0,51.0
231,5,26,1.9446029663085938,2.0,52.0,53.0
232,5,27,1.9463798999786377,2.0,54.0,55.0
233,5,28,1.9421045780181885,2.0,56.0,57.0
234,5,29,1.9401439428329468,2.0,58.0,59.0
235,5,30,1.9481289386749268,2.0,60.0,61.0
236,5,31,1.9488328695297241,2.0,62.0,63.0
237,5,32,1.9512174129486084,2.0,64.0,65.0
238,5,33,1.9502331018447876,2.0,66.0,67.0
239,5,34,1.9487264156341553,2.0,68.0,69.0
240,5,35,1.9491910934448242,2.0,70.0,71.0
241,5,36,1.950146198272705,2.0,72.0,73.0
242,5,37,1.9504420757293701,2.0,74.0,75.0
243,5,38,1.9485840797424316,2.0,76.0,77.0
244,5,39,1.9475388526916504,2.0,78.0,79.0
245,5,40,1.9521656036376953,2.0,80.0,81.0
246,6,0,1.8910338878631592,0.0,0.0,0.0
247,6,1,1.913817048072815,2.0,2.0,3.0
248,6,2,1.9521338939666748,2.0,4.0,5.0
249,6,3,1.954199194908142,2.0,6.0,7.0
250,6,4,1.9548428058624268,2.0,8.0,9.0
251,6,5,1.9544330835342407,2.0,10.0,11.0
252,6,6,1.9413396120071411,2.0,12.0,13.0
253,6,7,1.9340178966522217,2.0,14.0,15.0
254,6,8,1.9465209245681763,2.0,16.0,17.0
255,6,9,1.9484726190567017,2.0,18.0,19.0
256,6,10,1.9494487047195435,2.0,20.0,21.0
257,6,11,1.949136734008789,2.0,22.0,23.0
258,6,12,1.9449816942214966,2.0,24.0,25.0
259,6,13,1.9433947801589966,2.0,26.0,27.0
260,6,14,1.9446070194244385,2.0,28.0,29.0
261,6,15,1.9454991817474365,2.0,30.0,31.0
262,6,16,1.9390017986297607,2.0,32.0,33.0
263,6,17,1.9253724813461304,2.0,34.0,35.0
264,6,18,1.9360650777816772,2.0,36.0,37.0
265,6,19,1.92622709274292,2.0,38.0,39.0
266,6,20,1.923601746559143,2.0,40.0,41.0
267,6,21,1.9242143630981445,2.0,42.0,43.0
268,6,22,1.9207850694656372,2.0,44.0,45.0
269,6,23,1.9098858833312988,2.0,46.0,47.0
270,6,24,1.9016032218933105,2.0,48.0,49.0
271,6,25,1.9156187772750854,2.0,50.0,51.0
272,6,26,1.9057097434997559,2.0,52.0,53.0
273,6,27,1.912168025970459,2.0,54.0,55.0
274,6,28,1.9150147438049316,2.0,56.0,57.0
275,6,29,1.9053716659545898,2.0,58.0,59.0
276,6,30,1.9041091203689575,2.0,60.0,61.0
277,6,31,1.9224357604980469,2.0,62.0,63.0
278,6,32,1.915461778640747,2.0,64.0,65.0
279,6,33,1.9232549667358398,2.0,66.0,67.0
280,6,34,1.9139916896820068,2.0,68.0,69.0
281,6,35,1.9168598651885986,2.0,70.0,71.0
282,6,36,1.9146851301193237,2.0,72.0,73.0
283,6,37,1.8994804620742798,2.0,74.0,75.0
284,6,38,1.9039735794067383,2.0,76.0,77.0
285,6,39,1.8986250162124634,2.0,78.0,79.0
286,6,40,1.9032261371612549,2.0,80.0,81.0
287,7,0,1.9349024295806885,0.0,0.0,0.0
288,7,1,1.8823230266571045,2.0,2.0,3.0
289,7,2,1.8169445991516113,2.0,4.0,5.0
290,7,3,1.7883042097091675,2.0,6.0,7.0
291,7,4,1.7580523490905762,2.0,8.0,9.0
292,7,5,1.844555377960205,2.0,10.0,11.0
293,7,6,1.8498919010162354,2.0,12.0,13.0
294,7,7,1.8133559226989746,2.0,14.0,15.0
295,7,8,1.84140944480896,2.0,16.0,17.0
296,7,9,1.8356653451919556,2.0,18.0,19.0
297,7,10,1.8547461032867432,2.0,20.0,21.0
298,7,11,1.8594841957092285,2.0,22.0,23.0
299,7,12,1.8618996143341064,2.0,24.0,25.0
300,7,13,1.8717246055603027,2.0,26.0,27.0
301,7,14,1.9055392742156982,2.0,28.0,29.0
302,7,15,1.882354736328125,2.0,30.0,31.0
303,7,16,1.8992314338684082,2.0,32.0,33.0
304,7,17,1.9178860187530518,2.0,34.0,35.0
305,7,18,1.9223787784576416,2.0,36.0,37.0
306,7,19,1.919584035873413,2.0,38.0,39.0
307,7,20,1.9241673946380615,2.0,40.0,41.0
308,7,21,1.9279251098632812,2.0,42.0,43.0
309,7,22,1.933396816253662,2.0,44.0,45.0
310,7,23,1.9350817203521729,2.0,46.0,47.0
311,7,24,1.9378799200057983,2.0,48.0,49.0
312,7,25,1.9381953477859497,2.0,50.0,51.0
313,7,26,1.9383761882781982,2.0,52.0,53.0
314,7,27,1.9276127815246582,2.0,54.0,55.0
315,7,28,1.9386216402053833,2.0,56.0,57.0
316,7,29,1.9418727159500122,2.0,58.0,59.0
317,7,30,1.9413543939590454,2.0,60.0,61.0
318,7,31,1.9409854412078857,2.0,62.0,63.0
319,7,32,1.9461774826049805,2.0,64.0,65.0
320,7,33,1.9461679458618164,2.0,66.0,67.0
321,7,34,1.9514334201812744,2.0,68.0,69.0
322,7,35,1.9504605531692505,2.0,70.0,71.0
323,7,36,1.952326774597168,2.0,72.0,73.0
324,7,37,1.951507329940796,2.0,74.0,75.0
325,7,38,1.9522106647491455,2.0,76.0,77.0
326,7,39,1.9527368545532227,2.0,78.0,79.0
327,7,40,1.9543817043304443,2.0,80.0,81.0
328,8,0,1.9547326564788818,0.0,0.0,0.0
329,8,1,1.9549533128738403,2.0,2.0,3.0
330,8,2,1.9067680835723877,2.0,4.0,5.0
331,8,3,1.9543676376342773,2.0,6.0,7.0
332,8,4,1.9541271924972534,2.0,8.0,9.0
333,8,5,1.952852487564087,2.0,10.0,11.0
334,8,6,1.9542310237884521,2.0,12.0,13.0
335,8,7,1.954514980316162,2.0,14.0,15.0
336,8,8,1.954721212387085,2.0,16.0,17.0
337,8,9,1.9479091167449951,2.0,18.0,19.0
338,8,10,1.9517381191253662,2.0,20.0,21.0
339,8,11,1.955007553100586,2.0,22.0,23.0
340,8,12,1.9546135663986206,2.0,24.0,25.0
341,8,13,1.955008625984192,2.0,26.0,27.0
342,8,14,1.951977014541626,2.0,28.0,29.0
343,8,15,1.9516232013702393,2.0,30.0,31.0
344,8,16,1.9549176692962646,2.0,32.0,33.0
345,8,17,1.9548628330230713,2.0,34.0,35.0
346,8,18,1.954744815826416,2.0,36.0,37.0
347,8,19,1.954599380493164,2.0,38.0,39.0
348,8,20,1.9535531997680664,2.0,40.0,41.0
349,8,21,1.9533112049102783,2.0,42.0,43.0
350,8,22,1.9544782638549805,2.0,44.0,45.0
351,8,23,1.955007791519165,2.0,46.0,47.0
352,8,24,1.9544787406921387,2.0,48.0,49.0
353,8,25,1.9549551010131836,2.0,50.0,51.0
354,8,26,1.954946517944336,2.0,52.0,53.0
355,8,27,1.9550127983093262,2.0,54.0,55.0
356,8,28,1.9550153017044067,2.0,56.0,57.0
357,8,29,1.9544705152511597,2.0,58.0,59.0
358,8,30,1.9545347690582275,2.0,60.0,61.0
359,8,31,1.953019618988037,2.0,62.0,63.0
360,8,32,1.9501953125,2.0,64.0,65.0
361,8,33,1.9497337341308594,2.0,66.0,67.0
362,8,34,1.9522625207901,2.0,68.0,69.0
363,8,35,1.9546372890472412,2.0,70.0,71.0
364,8,36,1.9546396732330322,2.0,72.0,73.0
365,8,37,1.9547574520111084,2.0,74.0,75.0
366,8,38,1.9549998044967651,2.0,76.0,77.0
367,8,39,1.955005168914795,2.0,78.0,79.0
368,8,40,1.9548094272613525,2.0,80.0,81.0
369,9,0,1.9359513521194458,0.0,0.0,0.0
370,9,1,1.9489097595214844,2.0,2.0,3.0
371,9,2,1.954815149307251,2.0,4.0,5.0
372,9,3,1.9494662284851074,2.0,6.0,7.0
373,9,4,1.9530500173568726,2.0,8.0,9.0
374,9,5,1.9460101127624512,2.0,10.0,11.0
375,9,6,1.9529366493225098,2.0,12.0,13.0
376,9,7,1.9548616409301758,2.0,14.0,15.0
377,9,8,1.9541066884994507,2.0,16.0,17.0
378,9,9,1.952476978302002,2.0,18.0,19.0
379,9,10,1.9545795917510986,2.0,20.0,21.0
380,9,11,1.9484049081802368,2.0,22.0,23.0
381,9,12,1.9357020854949951,2.0,24.0,25.0
382,9,13,1.9331355094909668,2.0,26.0,27.0
383,9,14,1.9281294345855713,2.0,28.0,29.0
384,9,15,1.9356580972671509,2.0,30.0,31.0
385,9,16,1.9264113903045654,2.0,32.0,33.0
386,9,17,1.9253876209259033,2.0,34.0,35.0
387,9,18,1.9361088275909424,2.0,36.0,37.0
388,9,19,1.9371795654296875,2.0,38.0,39.0
389,9,20,1.9419360160827637,2.0,40.0,41.0
390,9,21,1.9350605010986328,2.0,42.0,43.0
391,9,22,1.9312787055969238,2.0,44.0,45.0
392,9,23,1.932650089263916,2.0,46.0,47.0
393,9,24,1.9353954792022705,2.0,48.0,49.0
394,9,25,1.9271738529205322,2.0,50.0,51.0
395,9,26,1.9262893199920654,2.0,52.0,53.0
396,9,27,1.9228558540344238,2.0,54.0,55.0
397,9,28,1.9322375059127808,2.0,56.0,57.0
398,9,29,1.917891263961792,2.0,58.0,59.0
399,9,30,1.9432768821716309,2.0,60.0,61.0
400,9,31,1.953533411026001,2.0,62.0,63.0
401,9,32,1.9509100914001465,2.0,64.0,65.0
402,9,33,1.950065016746521,2.0,66.0,67.0
403,9,34,1.9528026580810547,2.0,68.0,69.0
404,9,35,1.953033208847046,2.0,70.0,71.0
405,9,36,1.953655481338501,2.0,72.0,73.0
406,9,37,1.9522942304611206,2.0,74.0,75.0
407,9,38,1.9493160247802734,2.0,76.0,77.0
408,9,39,1.9418706893920898,2.0,78.0,79.0
409,9,40,1.9513499736785889,2.0,80.0,81.0
410,10,0,1.6859872341156006,0.0,0.0,0.0
411,10,1,1.7992007732391357,2.0,2.0,3.0
412,10,2,1.7362531423568726,2.0,4.0,5.0
413,10,3,1.7464900016784668,2.0,6.0,7.0
414,10,4,1.7677327394485474,2.0,8.0,9.0
415,10,5,1.7528104782104492,2.0,10.0,11.0
416,10,6,1.7326529026031494,2.0,12.0,13.0
417,10,7,1.789428949356079,2.0,14.0,15.0
418,10,8,1.7994304895401,2.0,16.0,17.0
419,10,9,1.8059227466583252,2.0,18.0,19.0
420,10,10,1.8364439010620117,2.0,20.0,21.0
421,10,11,1.9034690856933594,2.0,22.0,23.0
422,10,12,1.946248173713684,2.0,24.0,25.0
423,10,13,1.9547884464263916,2.0,26.0,27.0
424,10,14,1.954994797706604,2.0,28.0,29.0
425,10,15,1.954843521118164,2.0,30.0,31.0
426,10,16,1.9547979831695557,2.0,32.0,33.0
427,10,17,1.9524152278900146,2.0,34.0,35.0
428,10,18,1.9546291828155518,2.0,36.0,37.0
429,10,19,1.946164608001709,2.0,38.0,39.0
430,10,20,1.9453169107437134,2.0,40.0,41.0
431,10,21,1.9549552202224731,2.0,42.0,43.0
432,10,22,1.9547524452209473,2.0,44.0,45.0
433,10,23,1.954785943031311,2.0,46.0,47.0
434,10,24,1.9550011157989502,2.0,48.0,49.0
435,10,25,1.9532439708709717,2.0,50.0,51.0
436,10,26,1.9534177780151367,2.0,52.0,53.0
437,10,27,1.9549000263214111,2.0,54.0,55.0
438,10,28,1.9548720121383667,2.0,56.0,57.0
439,10,29,1.9548671245574951,2.0,58.0,59.0
440,10,30,1.9550156593322754,2.0,60.0,61.0
441,10,31,1.9549169540405273,2.0,62.0,63.0
442,10,32,1.943860411643982,2.0,64.0,65.0
443,10,33,1.954830288887024,2.0,66.0,67.0
444,10,34,1.954380750656128,2.0,68.0,69.0
445,10,35,1.9531047344207764,2.0,70.0,71.0
446,10,36,1.9543886184692383,2.0,72.0,73.0
447,10,37,1.953747272491455,2.0,74.0,75.0
448,10,38,1.9545526504516602,2.0,76.0,77.0
449,10,39,1.953399419784546,2.0,78.0,79.0
450,10,40,1.95493745803833,2.0,80.0,81.0
451,11,0,1.9030483961105347,0.0,0.0,0.0
452,11,1,1.8227051496505737,2.0,2.0,3.0
453,11,2,1.8796908855438232,2.0,4.0,5.0
454,11,3,1.935369610786438,2.0,6.0,7.0
455,11,4,1.9549455642700195,2.0,8.0,9.0
456,11,5,1.9506618976593018,2.0,10.0,11.0
457,11,6,1.9503575563430786,2.0,12.0,13.0
458,11,7,1.9468896389007568,2.0,14.0,15.0
459,11,8,1.9474341869354248,2.0,16.0,17.0
460,11,9,1.947739839553833,2.0,18.0,19.0
461,11,10,1.947495937347412,2.0,20.0,21.0
462,11,11,1.9410498142242432,2.0,22.0,23.0
463,11,12,1.953348159790039,2.0,24.0,25.0
464,11,13,1.9546115398406982,2.0,26.0,27.0
465,11,14,1.9550156593322754,2.0,28.0,29.0
466,11,15,1.954957127571106,2.0,30.0,31.0
467,11,16,1.9545553922653198,2.0,32.0,33.0
468,11,17,1.9548568725585938,2.0,34.0,35.0
469,11,18,1.9548025131225586,2.0,36.0,37.0
470,11,19,1.9544333219528198,2.0,38.0,39.0
471,11,20,1.9546245336532593,2.0,40.0,41.0
472,11,21,1.953635573387146,2.0,42.0,43.0
473,11,22,1.9526522159576416,2.0,44.0,45.0
474,11,23,1.9517252445220947,2.0,46.0,47.0
475,11,24,1.9520432949066162,2.0,48.0,49.0
476,11,25,1.9541974067687988,2.0,50.0,51.0
477,11,26,1.9493074417114258,2.0,52.0,53.0
478,11,27,1.9510033130645752,2.0,54.0,55.0
479,11,28,1.9519734382629395,2.0,56.0,57.0
480,11,29,1.951779842376709,2.0,58.0,59.0
481,11,30,1.951714277267456,2.0,60.0,61.0
482,11,31,1.9503226280212402,2.0,62.0,63.0
483,11,32,1.9516196250915527,2.0,64.0,65.0
484,11,33,1.9518860578536987,2.0,66.0,67.0
485,11,34,1.951348900794983,2.0,68.0,69.0
486,11,35,1.9500374794006348,2.0,70.0,71.0
487,11,36,1.9488857984542847,2.0,72.0,73.0
488,11,37,1.949513554573059,2.0,74.0,75.0
489,11,38,1.95200514793396,2.0,76.0,77.0
490,11,39,1.953732967376709,2.0,78.0,79.0
491,11,40,1.9516392946243286,2.0,80.0,81.0
492,12,0,1.8913209438323975,0.0,0.0,0.0
493,12,1,1.8931257724761963,2.0,2.0,3.0
494,12,2,1.9509484767913818,2.0,4.0,5.0
495,12,3,1.94626784324646,2.0,6.0,7.0
496,12,4,1.9533636569976807,2.0,8.0,9.0
497,12,5,1.9386976957321167,2.0,10.0,11.0
498,12,6,1.9422671794891357,2.0,12.0,13.0
499,12,7,1.9447236061096191,2.0,14.0,15.0
500,12,8,1.9240542650222778,2.0,16.0,17.0
501,12,9,1.9403252601623535,2.0,18.0,19.0
502,12,10,1.9371273517608643,2.0,20.0,21.0
503,12,11,1.9269092082977295,2.0,22.0,23.0
504,12,12,1.9314680099487305,2.0,24.0,25.0
505,12,13,1.937450647354126,2.0,26.0,27.0
506,12,14,1.9363727569580078,2.0,28.0,29.0
507,12,15,1.9387271404266357,2.0,30.0,31.0
508,12,16,1.9284162521362305,2.0,32.0,33.0
509,12,17,1.9289889335632324,2.0,34.0,35.0
510,12,18,1.9302183389663696,2.0,36.0,37.0
511,12,19,1.939479112625122,2.0,38.0,39.0
512,12,20,1.9393612146377563,2.0,40.0,41.0
513,12,21,1.9397379159927368,2.0,42.0,43.0
514,12,22,1.9431202411651611,2.0,44.0,45.0
515,12,23,1.9380369186401367,2.0,46.0,47.0
516,12,24,1.933907151222229,2.0,48.0,49.0
517,12,25,1.931251049041748,2.0,50.0,51.0
518,12,26,1.9384889602661133,2.0,52.0,53.0
519,12,27,1.9338157176971436,2.0,54.0,55.0
520,12,28,1.9360785484313965,2.0,56.0,57.0
521,12,29,1.936809778213501,2.0,58.0,59.0
522,12,30,1.9363212585449219,2.0,60.0,61.0
523,12,31,1.9312653541564941,2.0,62.0,63.0
524,12,32,1.9336535930633545,2.0,64.0,65.0
525,12,33,1.931026577949524,2.0,66.0,67.0
526,12,34,1.9287333488464355,2.0,68.0,69.0
527,12,35,1.9277005195617676,2.0,70.0,71.0
528,12,36,1.9244379997253418,2.0,72.0,73.0
529,12,37,1.9233307838439941,2.0,74.0,75.0
530,12,38,1.943513035774231,2.0,76.0,77.0
531,12,39,1.9241695404052734,2.0,78.0,79.0
532,12,40,1.9222338199615479,2.0,80.0,81.0
533,13,0,1.6731436252593994,0.0,0.0,0.0
534,13,1,1.656862497329712,2.0,2.0,3.0
535,13,2,1.7218490839004517,2.0,4.0,5.0
536,13,3,1.8370945453643799,2.0,6.0,7.0
537,13,4,1.9468499422073364,2.0,8.0,9.0
538,13,5,1.943483591079712,2.0,10.0,11.0
539,13,6,1.9093573093414307,2.0,12.0,13.0
540,13,7,1.9002466201782227,2.0,14.0,15.0
541,13,8,1.8998486995697021,2.0,16.0,17.0
542,13,9,1.919670581817627,2.0,18.0,19.0
543,13,10,1.9028092622756958,2.0,20.0,21.0
544,13,11,1.9052047729492188,2.0,22.0,23.0
545,13,12,1.9005944728851318,2.0,24.0,25.0
546,13,13,1.9253541231155396,2.0,26.0,27.0
547,13,14,1.9248542785644531,2.0,28.0,29.0
548,13,15,1.930077314376831,2.0,30.0,31.0
549,13,16,1.947033405303955,2.0,32.0,33.0
550,13,17,1.9513559341430664,2.0,34.0,35.0
551,13,18,1.9542434215545654,2.0,36.0,37.0
552,13,19,1.9534411430358887,2.0,38.0,39.0
553,13,20,1.9542334079742432,2.0,40.0,41.0
554,13,21,1.9549553394317627,2.0,42.0,43.0
555,13,22,1.953404188156128,2.0,44.0,45.0
556,13,23,1.9549074172973633,2.0,46.0,47.0
557,13,24,1.9512542486190796,2.0,48.0,49.0
558,13,25,1.9528374671936035,2.0,50.0,51.0
559,13,26,1.9445810317993164,2.0,52.0,53.0
560,13,27,1.9485228061676025,2.0,54.0,55.0
561,13,28,1.9490790367126465,2.0,56.0,57.0
562,13,29,1.9473440647125244,2.0,58.0,59.0
563,13,30,1.9513723850250244,2.0,60.0,61.0
564,13,31,1.9535408020019531,2.0,62.0,63.0
565,13,32,1.9523757696151733,2.0,64.0,65.0
566,13,33,1.9494421482086182,2.0,66.0,67.0
567,13,34,1.9509332180023193,2.0,68.0,69.0
568,13,35,1.9444875717163086,2.0,70.0,71.0
569,13,36,1.9475643634796143,2.0,72.0,73.0
570,13,37,1.944042444229126,2.0,74.0,75.0
571,13,38,1.870800495147705,2.0,76.0,77.0
572,13,39,1.9422203302383423,2.0,78.0,79.0
573,13,40,1.9427140951156616,2.0,80.0,81.0
574,14,0,1.8780815601348877,0.0,0.0,0.0
575,14,1,1.8834648132324219,2.0,2.0,3.0
576,14,2,1.8997336626052856,2.0,4.0,5.0
577,14,3,1.862680435180664,2.0,6.0,7.0
578,14,4,1.8579552173614502,2.0,8.0,9.0
579,14,5,1.8704473972320557,2.0,10.0,11.0
580,14,6,1.8336939811706543,2.0,12.0,13.0
581,14,7,1.8105649948120117,2.0,14.0,15.0
582,14,8,1.7828099727630615,2.0,16.0,17.0
583,14,9,1.7627906799316406,2.0,18.0,19.0
584,14,10,1.8477116823196411,2.0,20.0,21.0
585,14,11,1.8384169340133667,2.0,22.0,23.0
586,14,12,1.8215245008468628,2.0,24.0,25.0
587,14,13,1.9329805374145508,2.0,26.0,27.0
588,14,14,1.953644037246704,2.0,28.0,29.0
589,14,15,1.9530830383300781,2.0,30.0,31.0
590,14,16,1.9162453413009644,2.0,32.0,33.0
591,14,17,1.951216220855713,2.0,34.0,35.0
592,14,18,1.9396064281463623,2.0,36.0,37.0
593,14,19,1.905433177947998,2.0,38.0,39.0
594,14,20,1.8257169723510742,2.0,40.0,41.0
595,14,21,1.9031778573989868,2.0,42.0,43.0
596,14,22,1.852046012878418,2.0,44.0,45.0
597,14,23,1.913987398147583,2.0,46.0,47.0
598,14,24,1.9054303169250488,2.0,48.0,49.0
599,14,25,1.9545505046844482,2.0,50.0,51.0
600,14,26,1.953975796699524,2.0,52.0,53.0
601,14,27,1.9529073238372803,2.0,54.0,55.0
602,14,28,1.9544684886932373,2.0,56.0,57.0
603,14,29,1.9535503387451172,2.0,58.0,59.0
604,14,30,1.954045295715332,2.0,60.0,61.0
605,14,31,1.9522826671600342,2.0,62.0,63.0
606,14,32,1.9541316032409668,2.0,64.0,65.0
607,14,33,1.9548330307006836,2.0,66.0,67.0
608,14,34,1.9546926021575928,2.0,68.0,69.0
609,14,35,1.9531437158584595,2.0,70.0,71.0
610,14,36,1.9446873664855957,2.0,72.0,73.0
611,14,37,1.954955816268921,2.0,74.0,75.0
612,14,38,1.9531803131103516,2.0,76.0,77.0
613,14,39,1.9474306106567383,2.0,78.0,79.0
614,14,40,1.9421508312225342,2.0,80.0,81.0
615,15,0,1.9524283409118652,0.0,0.0,0.0
616,15,1,1.951080083847046,2.0,2.0,3.0
617,15,2,1.9459507465362549,2.0,4.0,5.0
618,15,3,1.9384032487869263,2.0,6.0,7.0
619,15,4,1.9543976783752441,2.0,8.0,9.0
620,15,5,1.9546072483062744,2.0,10.0,11.0
621,15,6,1.952012062072754,2.0,12.0,13.0
622,15,7,1.9539391994476318,2.0,14.0,15.0
623,15,8,1.9530894756317139,2.0,16.0,17.0
624,15,9,1.9550058841705322,2.0,18.0,19.0
625,15,10,1.9548860788345337,2.0,20.0,21.0
626,15,11,1.9549715518951416,2.0,22.0,23.0
627,15,12,1.9548790454864502,2.0,24.0,25.0
628,15,13,1.9549968242645264,2.0,26.0,27.0
629,15,14,1.9549643993377686,2.0,28.0,29.0
630,15,15,1.954082727432251,2.0,30.0,31.0
631,15,16,1.9463341236114502,2.0,32.0,33.0
632,15,17,1.9425338506698608,2.0,34.0,35.0
633,15,18,1.934767484664917,2.0,36.0,37.0
634,15,19,1.9549002647399902,2.0,38.0,39.0
635,15,20,1.91949462890625,2.0,40.0,41.0
636,15,21,1.9214482307434082,2.0,42.0,43.0
637,15,22,1.9461359977722168,2.0,44.0,45.0
638,15,23,1.940882682800293,2.0,46.0,47.0
639,15,24,1.937586784362793,2.0,48.0,49.0
640,15,25,1.9407281875610352,2.0,50.0,51.0
641,15,26,1.9099481105804443,2.0,52.0,53.0
642,15,27,1.8855946063995361,2.0,54.0,55.0
643,15,28,1.9232641458511353,2.0,56.0,57.0
644,15,29,1.928114652633667,2.0,58.0,59.0
645,15,30,1.9334487915039062,2.0,60.0,61.0
646,15,31,1.9506938457489014,2.0,62.0,63.0
647,15,32,1.9549329280853271,2.0,64.0,65.0
648,15,33,1.9546291828155518,2.0,66.0,67.0
649,15,34,1.9475440979003906,2.0,68.0,69.0
650,15,35,1.8335537910461426,2.0,70.0,71.0
651,15,36,1.934046983718872,2.0,72.0,73.0
652,15,37,1.9342923164367676,2.0,74.0,75.0
653,15,38,1.9343745708465576,2.0,76.0,77.0
654,15,39,1.9330641031265259,2.0,78.0,79.0
655,15,40,1.935293197631836,2.0,80.0,81.0
656,16,0,1.8225805759429932,0.0,0.0,0.0
657,16,1,1.8129284381866455,2.0,2.0,3.0
658,16,2,1.845907211303711,2.0,4.0,5.0
659,16,3,1.7535914182662964,2.0,6.0,7.0
660,16,4,1.7482331991195679,2.0,8.0,9.0
661,16,5,1.9127126932144165,2.0,10.0,11.0
662,16,6,1.9094994068145752,2.0,12.0,13.0
663,16,7,1.9092433452606201,2.0,14.0,15.0
664,16,8,1.9271875619888306,2.0,16.0,17.0
665,16,9,1.9282383918762207,2.0,18.0,19.0
666,16,10,1.9382686614990234,2.0,20.0,21.0
667,16,11,1.9540153741836548,2.0,22.0,23.0
668,16,12,1.940598726272583,2.0,24.0,25.0
669,16,13,1.925739049911499,2.0,26.0,27.0
670,16,14,1.9065489768981934,2.0,28.0,29.0
671,16,15,1.910010814666748,2.0,30.0,31.0
672,16,16,1.9420642852783203,2.0,32.0,33.0
673,16,17,1.9476172924041748,2.0,34.0,35.0
674,16,18,1.9524744749069214,2.0,36.0,37.0
675,16,19,1.9526221752166748,2.0,38.0,39.0
676,16,20,1.940582513809204,2.0,40.0,41.0
677,16,21,1.9389573335647583,2.0,42.0,43.0
678,16,22,1.937199592590332,2.0,44.0,45.0
679,16,23,1.938582420349121,2.0,46.0,47.0
680,16,24,1.9467896223068237,2.0,48.0,49.0
681,16,25,1.9467928409576416,2.0,50.0,51.0
682,16,26,1.944047212600708,2.0,52.0,53.0
683,16,27,1.9516457319259644,2.0,54.0,55.0
684,16,28,1.9517496824264526,2.0,56.0,57.0
685,16,29,1.9521490335464478,2.0,58.0,59.0
686,16,30,1.9541691541671753,2.0,60.0,61.0
687,16,31,1.9515736103057861,2.0,62.0,63.0
688,16,32,1.9505548477172852,2.0,64.0,65.0
689,16,33,1.950735330581665,2.0,66.0,67.0
690,16,34,1.9542276859283447,2.0,68.0,69.0
691,16,35,1.9550127983093262,2.0,70.0,71.0
692,16,36,1.9550135135650635,2.0,72.0,73.0
693,16,37,1.9539637565612793,2.0,74.0,75.0
694,16,38,1.951737880706787,2.0,76.0,77.0
695,16,39,1.9518228769302368,2.0,78.0,79.0
696,16,40,1.9522411823272705,2.0,80.0,81.0
697,17,0,1.6820433139801025,0.0,0.0,0.0
698,17,1,1.7903120517730713,2.0,2.0,3.0
699,17,2,1.874640941619873,2.0,4.0,5.0
700,17,3,1.7885125875473022,2.0,6.0,7.0
701,17,4,1.8479843139648438,2.0,8.0,9.0
702,17,5,1.8281444311141968,2.0,10.0,11.0
703,17,6,1.9090681076049805,2.0,12.0,13.0
704,17,7,1.9308319091796875,2.0,14.0,15.0
705,17,8,1.9099180698394775,2.0,16.0,17.0
706,17,9,1.9127843379974365,2.0,18.0,19.0
707,17,10,1.9120738506317139,2.0,20.0,21.0
708,17,11,1.8911874294281006,2.0,22.0,23.0
709,17,12,1.8962074518203735,2.0,24.0,25.0
710,17,13,1.9038950204849243,2.0,26.0,27.0
711,17,14,1.9316785335540771,2.0,28.0,29.0
712,17,15,1.9074320793151855,2.0,30.0,31.0
713,17,16,1.9076789617538452,2.0,32.0,33.0
714,17,17,1.8976491689682007,2.0,34.0,35.0
715,17,18,1.9143106937408447,2.0,36.0,37.0
716,17,19,1.9198914766311646,2.0,38.0,39.0
717,17,20,1.9197320938110352,2.0,40.0,41.0
718,17,21,1.921544075012207,2.0,42.0,43.0
719,17,22,1.9247138500213623,2.0,44.0,45.0
720,17,23,1.9180262088775635,2.0,46.0,47.0
721,17,24,1.9233973026275635,2.0,48.0,49.0
722,17,25,1.9177987575531006,2.0,50.0,51.0
723,17,26,1.9005181789398193,2.0,52.0,53.0
724,17,27,1.901270866394043,2.0,54.0,55.0
725,17,28,1.9028260707855225,2.0,56.0,57.0
726,17,29,1.9179496765136719,2.0,58.0,59.0
727,17,30,1.9235074520111084,2.0,60.0,61.0
728,17,31,1.9215655326843262,2.0,62.0,63.0
729,17,32,1.9202073812484741,2.0,64.0,65.0
730,17,33,1.9188506603240967,2.0,66.0,67.0
731,17,34,1.9170193672180176,2.0,68.0,69.0
732,17,35,1.9310169219970703,2.0,70.0,71.0
733,17,36,1.941158652305603,2.0,72.0,73.0
734,17,37,1.9362298250198364,2.0,74.0,75.0
735,17,38,1.9409924745559692,2.0,76.0,77.0
736,17,39,1.9455876350402832,2.0,78.0,79.0
737,17,40,1.9456398487091064,2.0,80.0,81.0
738,18,0,1.9550158977508545,0.0,0.0,0.0
739,18,1,1.9546191692352295,2.0,2.0,3.0
740,18,2,1.938778281211853,2.0,4.0,5.0
741,18,3,1.9548985958099365,2.0,6.0,7.0
742,18,4,1.9518711566925049,2.0,8.0,9.0
743,18,5,1.9514691829681396,2.0,10.0,11.0
744,18,6,1.9515042304992676,2.0,12.0,13.0
745,18,7,1.9461519718170166,2.0,14.0,15.0
746,18,8,1.9405848979949951,2.0,16.0,17.0
747,18,9,1.9488775730133057,2.0,18.0,19.0
748,18,10,1.9493237733840942,2.0,20.0,21.0
749,18,11,1.9505720138549805,2.0,22.0,23.0
750,18,12,1.9496210813522339,2.0,24.0,25.0
751,18,13,1.9500271081924438,2.0,26.0,27.0
752,18,14,1.9493632316589355,2.0,28.0,29.0
753,18,15,1.9496209621429443,2.0,30.0,31.0
754,18,16,1.9478732347488403,2.0,32.0,33.0
755,18,17,1.9485893249511719,2.0,34.0,35.0
756,18,18,1.949476718902588,2.0,36.0,37.0
757,18,19,1.9536659717559814,2.0,38.0,39.0
758,18,20,1.942504644393921,2.0,40.0,41.0
759,18,21,1.945660948753357,2.0,42.0,43.0
760,18,22,1.9479414224624634,2.0,44.0,45.0
761,18,23,1.9461205005645752,2.0,46.0,47.0
762,18,24,1.935426950454712,2.0,48.0,49.0
763,18,25,1.9386482238769531,2.0,50.0,51.0
764,18,26,1.9503512382507324,2.0,52.0,53.0
765,18,27,1.949671983718872,2.0,54.0,55.0
766,18,28,1.9493249654769897,2.0,56.0,57.0
767,18,29,1.9489654302597046,2.0,58.0,59.0
768,18,30,1.9411431550979614,2.0,60.0,61.0
769,18,31,1.953357219696045,2.0,62.0,63.0
770,18,32,1.9511032104492188,2.0,64.0,65.0
771,18,33,1.9480915069580078,2.0,66.0,67.0
772,18,34,1.9448206424713135,2.0,68.0,69.0
773,18,35,1.9511843919754028,2.0,70.0,71.0
774,18,36,1.953387975692749,2.0,72.0,73.0
775,18,37,1.9538347721099854,2.0,74.0,75.0
776,18,38,1.9523625373840332,2.0,76.0,77.0
777,18,39,1.943908929824829,2.0,78.0,79.0
778,18,40,1.9431302547454834,2.0,80.0,81.0
779,19,0,1.8701331615447998,0.0,0.0,0.0
780,19,1,1.717574954032898,2.0,2.0,3.0
781,19,2,1.816112756729126,2.0,4.0,5.0
782,19,3,1.9297559261322021,2.0,6.0,7.0
783,19,4,1.9327784776687622,2.0,8.0,9.0
784,19,5,1.9157733917236328,2.0,10.0,11.0
785,19,6,1.9155232906341553,2.0,12.0,13.0
786,19,7,1.9251985549926758,2.0,14.0,15.0
787,19,8,1.9436014890670776,2.0,16.0,17.0
788,19,9,1.9548894166946411,2.0,18.0,19.0
789,19,10,1.955014944076538,2.0,20.0,21.0
790,19,11,1.95499587059021,2.0,22.0,23.0
791,19,12,1.9518096446990967,2.0,24.0,25.0
792,19,13,1.9544867277145386,2.0,26.0,27.0
793,19,14,1.9545624256134033,2.0,28.0,29.0
794,19,15,1.954899549484253,2.0,30.0,31.0
795,19,16,1.9541511535644531,2.0,32.0,33.0
796,19,17,1.954437255859375,2.0,34.0,35.0
797,19,18,1.954887866973877,2.0,36.0,37.0
798,19,19,1.9528558254241943,2.0,38.0,39.0
799,19,20,1.9550158977508545,2.0,40.0,41.0
800,19,21,1.940305471420288,2.0,42.0,43.0
801,19,22,1.9443190097808838,2.0,44.0,45.0
802,19,23,1.941357135772705,2.0,46.0,47.0
803,19,24,1.943876028060913,2.0,48.0,49.0
804,19,25,1.9473543167114258,2.0,50.0,51.0
805,19,26,1.944426417350769,2.0,52.0,53.0
806,19,27,1.9467014074325562,2.0,54.0,55.0
807,19,28,1.9501090049743652,2.0,56.0,57.0
808,19,29,1.9549696445465088,2.0,58.0,59.0
809,19,30,1.9539039134979248,2.0,60.0,61.0
810,19,31,1.9534293413162231,2.0,62.0,63.0
811,19,32,1.9484837055206299,2.0,64.0,65.0
812,19,33,1.9462778568267822,2.0,66.0,67.0
813,19,34,1.9505424499511719,2.0,68.0,69.0
814,19,35,1.9522632360458374,2.0,70.0,71.0
815,19,36,1.9541404247283936,2.0,72.0,73.0
816,19,37,1.9532520771026611,2.0,74.0,75.0
817,19,38,1.953981637954712,2.0,76.0,77.0
818,19,39,1.9521496295928955,2.0,78.0,79.0
819,19,40,1.9512181282043457,2.0,80.0,81.0
820,20,0,1.8928024768829346,0.0,0.0,0.0
821,20,1,1.8370389938354492,2.0,2.0,3.0
822,20,2,1.92171049118042,2.0,4.0,5.0
823,20,3,1.9162209033966064,2.0,6.0,7.0
824,20,4,1.9339306354522705,2.0,8.0,9.0
825,20,5,1.9474751949310303,2.0,10.0,11.0
826,20,6,1.9441766738891602,2.0,12.0,13.0
827,20,7,1.945988655090332,2.0,14.0,15.0
828,20,8,1.9446361064910889,2.0,16.0,17.0
829,20,9,1.954473614692688,2.0,18.0,19.0
830,20,10,1.9458975791931152,2.0,20.0,21.0
831,20,11,1.9423818588256836,2.0,22.0,23.0
832,20,12,1.9546202421188354,2.0,24.0,25.0
833,20,13,1.954909324645996,2.0,26.0,27.0
834,20,14,1.939184308052063,2.0,28.0,29.0
835,20,15,1.937480092048645,2.0,30.0,31.0
836,20,16,1.9256521463394165,2.0,32.0,33.0
837,20,17,1.92915940284729,2.0,34.0,35.0
838,20,18,1.945234775543213,2.0,36.0,37.0
839,20,19,1.9489309787750244,2.0,38.0,39.0
840,20,20,1.9498541355133057,2.0,40.0,41.0
841,20,21,1.9487836360931396,2.0,42.0,43.0
842,20,22,1.9463870525360107,2.0,44.0,45.0
843,20,23,1.947919249534607,2.0,46.0,47.0
844,20,24,1.9486689567565918,2.0,48.0,49.0
845,20,25,1.951897144317627,2.0,50.0,51.0
846,20,26,1.949995994567871,2.0,52.0,53.0
847,20,27,1.9499996900558472,2.0,54.0,55.0
848,20,28,1.939624547958374,2.0,56.0,57.0
849,20,29,1.9414284229278564,2.0,58.0,59.0
850,20,30,1.9393359422683716,2.0,60.0,61.0
851,20,31,1.9390366077423096,2.0,62.0,63.0
852,20,32,1.9378399848937988,2.0,64.0,65.0
853,20,33,1.939310073852539,2.0,66.0,67.0
854,20,34,1.9387118816375732,2.0,68.0,69.0
855,20,35,1.94413423538208,2.0,70.0,71.0
856,20,36,1.9413046836853027,2.0,72.0,73.0
857,20,37,1.944521427154541,2.0,74.0,75.0
858,20,38,1.9480226039886475,2.0,76.0,77.0
859,20,39,1.9476661682128906,2.0,78.0,79.0
860,20,40,1.9435089826583862,2.0,80.0,81.0
861,21,0,1.8887685537338257,0.0,0.0,0.0
862,21,1,1.8829209804534912,2.0,2.0,3.0
863,21,2,1.9430272579193115,2.0,4.0,5.0
864,21,3,1.952868938446045,2.0,6.0,7.0
865,21,4,1.9529328346252441,2.0,8.0,9.0
866,21,5,1.9517180919647217,2.0,10.0,11.0
867,21,6,1.9545929431915283,2.0,12.0,13.0
868,21,7,1.9541995525360107,2.0,14.0,15.0
869,21,8,1.9543755054473877,2.0,16.0,17.0
870,21,9,1.9500961303710938,2.0,18.0,19.0
871,21,10,1.9508497714996338,2.0,20.0,21.0
872,21,11,1.950089454650879,2.0,22.0,23.0
873,21,12,1.943758249282837,2.0,24.0,25.0
874,21,13,1.9513733386993408,2.0,26.0,27.0
875,21,14,1.9546092748641968,2.0,28.0,29.0
876,21,15,1.9549739360809326,2.0,30.0,31.0
877,21,16,1.9532766342163086,2.0,32.0,33.0
878,21,17,1.9531283378601074,2.0,34.0,35.0
879,21,18,1.9545013904571533,2.0,36.0,37.0
880,21,19,1.9508469104766846,2.0,38.0,39.0
881,21,20,1.9515564441680908,2.0,40.0,41.0
882,21,21,1.9517080783843994,2.0,42.0,43.0
883,21,22,1.9520213603973389,2.0,44.0,45.0
884,21,23,1.9495025873184204,2.0,46.0,47.0
885,21,24,1.941598892211914,2.0,48.0,49.0
886,21,25,1.933575987815857,2.0,50.0,51.0
887,21,26,1.9354612827301025,2.0,52.0,53.0
888,21,27,1.931443452835083,2.0,54.0,55.0
889,21,28,1.9394009113311768,2.0,56.0,57.0
890,21,29,1.9424889087677002,2.0,58.0,59.0
891,21,30,1.9268566370010376,2.0,60.0,61.0
892,21,31,1.9376270771026611,2.0,62.0,63.0
893,21,32,1.9244714975357056,2.0,64.0,65.0
894,21,33,1.9275445938110352,2.0,66.0,67.0
895,21,34,1.9348618984222412,2.0,68.0,69.0
896,21,35,1.9234135150909424,2.0,70.0,71.0
897,21,36,1.9484539031982422,2.0,72.0,73.0
898,21,37,1.935143232345581,2.0,74.0,75.0
899,21,38,1.9333128929138184,2.0,76.0,77.0
900,21,39,1.9450712203979492,2.0,78.0,79.0
901,21,40,1.940286636352539,2.0,80.0,81.0
902,22,0,1.7386369705200195,0.0,0.0,0.0
903,22,1,1.6877679824829102,2.0,2.0,3.0
904,22,2,1.8686792850494385,2.0,4.0,5.0
905,22,3,1.8582907915115356,2.0,6.0,7.0
906,22,4,1.8973604440689087,2.0,8.0,9.0
907,22,5,1.9437202215194702,2.0,10.0,11.0
908,22,6,1.9541093111038208,2.0,12.0,13.0
909,22,7,1.9050805568695068,2.0,14.0,15.0
910,22,8,1.9130767583847046,2.0,16.0,17.0
911,22,9,1.88330078125,2.0,18.0,19.0
912,22,10,1.846634864807129,2.0,20.0,21.0
913,22,11,1.8726582527160645,2.0,22.0,23.0
914,22,12,1.8745949268341064,2.0,24.0,25.0
915,22,13,1.89192533493042,2.0,26.0,27.0
916,22,14,1.8929505348205566,2.0,28.0,29.0
917,22,15,1.9021406173706055,2.0,30.0,31.0
918,22,16,1.9252195358276367,2.0,32.0,33.0
919,22,17,1.9549986124038696,2.0,34.0,35.0
920,22,18,1.9524962902069092,2.0,36.0,37.0
921,22,19,1.927271842956543,2.0,38.0,39.0
922,22,20,1.9292943477630615,2.0,40.0,41.0
923,22,21,1.9505019187927246,2.0,42.0,43.0
924,22,22,1.935779333114624,2.0,44.0,45.0
925,22,23,1.9532442092895508,2.0,46.0,47.0
926,22,24,1.9527606964111328,2.0,48.0,49.0
927,22,25,1.946124792098999,2.0,50.0,51.0
928,22,26,1.9287952184677124,2.0,52.0,53.0
929,22,27,1.9379074573516846,2.0,54.0,55.0
930,22,28,1.9546847343444824,2.0,56.0,57.0
931,22,29,1.9401648044586182,2.0,58.0,59.0
932,22,30,1.9204223155975342,2.0,60.0,61.0
933,22,31,1.9122040271759033,2.0,62.0,63.0
934,22,32,1.9520587921142578,2.0,64.0,65.0
935,22,33,1.9546194076538086,2.0,66.0,67.0
936,22,34,1.9314091205596924,2.0,68.0,69.0
937,22,35,1.9174089431762695,2.0,70.0,71.0
938,22,36,1.915102481842041,2.0,72.0,73.0
939,22,37,1.8837122917175293,2.0,74.0,75.0
940,22,38,1.898503065109253,2.0,76.0,77.0
941,22,39,1.932173728942871,2.0,78.0,79.0
942,22,40,1.8951241970062256,2.0,80.0,81.0
943,23,0,1.9522497653961182,0.0,0.0,0.0
944,23,1,1.9396551847457886,2.0,2.0,3.0
945,23,2,1.9360255002975464,2.0,4.0,5.0
946,23,3,1.9507873058319092,2.0,6.0,7.0
947,23,4,1.9275579452514648,2.0,8.0,9.0
948,23,5,1.9537475109100342,2.0,10.0,11.0
949,23,6,1.9550150632858276,2.0,12.0,13.0
950,23,7,1.954667091369629,2.0,14.0,15.0
951,23,8,1.9515273571014404,2.0,16.0,17.0
952,23,9,1.9456660747528076,2.0,18.0,19.0
953,23,10,1.9471168518066406,2.0,20.0,21.0
954,23,11,1.9421864748001099,2.0,22.0,23.0
955,23,12,1.9415677785873413,2.0,24.0,25.0
956,23,13,1.93788480758667,2.0,26.0,27.0
957,23,14,1.9517841339111328,2.0,28.0,29.0
958,23,15,1.946824312210083,2.0,30.0,31.0
959,23,16,1.9436358213424683,2.0,32.0,33.0
960,23,17,1.950465440750122,2.0,34.0,35.0
961,23,18,1.9502047300338745,2.0,36.0,37.0
962,23,19,1.9467030763626099,2.0,38.0,39.0
963,23,20,1.9462910890579224,2.0,40.0,41.0
964,23,21,1.950304388999939,2.0,42.0,43.0
965,23,22,1.9527463912963867,2.0,44.0,45.0
966,23,23,1.9548170566558838,2.0,46.0,47.0
967,23,24,1.9549899101257324,2.0,48.0,49.0
968,23,25,1.955010175704956,2.0,50.0,51.0
969,23,26,1.9545543193817139,2.0,52.0,53.0
970,23,27,1.9550132751464844,2.0,54.0,55.0
971,23,28,1.9550068378448486,2.0,56.0,57.0
972,23,29,1.9549124240875244,2.0,58.0,59.0
973,23,30,1.9548048973083496,2.0,60.0,61.0
974,23,31,1.9549314975738525,2.0,62.0,63.0
975,23,32,1.9550156593322754,2.0,64.0,65.0
976,23,33,1.9546492099761963,2.0,66.0,67.0
977,23,34,1.9548614025115967,2.0,68.0,69.0
978,23,35,1.954362154006958,2.0,70.0,71.0
979,23,36,1.951317548751831,2.0,72.0,73.0
980,23,37,1.947408676147461,2.0,74.0,75.0
981,23,38,1.948911428451538,2.0,76.0,77.0
982,23,39,1.94977867603302,2.0,78.0,79.0
983,23,40,1.9483102560043335,2.0,80.0,81.0
984,24,0,1.7833707332611084,0.0,0.0,0.0
985,24,1,1.61888587474823,2.0,2.0,3.0
986,24,2,1.6377898454666138,2.0,4.0,5.0
987,24,3,1.8653271198272705,2.0,6.0,7.0
988,24,4,1.9547955989837646,2.0,8.0,9.0
989,24,5,1.954603672027588,2.0,10.0,11.0
990,24,6,1.950215458869934,2.0,12.0,13.0
991,24,7,1.9504626989364624,2.0,14.0,15.0
992,24,8,1.9403026103973389,2.0,16.0,17.0
993,24,9,1.9498487710952759,2.0,18.0,19.0
994,24,10,1.9540305137634277,2.0,20.0,21.0
995,24,11,1.9547351598739624,2.0,22.0,23.0
996,24,12,1.9542133808135986,2.0,24.0,25.0
997,24,13,1.9358603954315186,2.0,26.0,27.0
998,24,14,1.9549188613891602,2.0,28.0,29.0
999,24,15,1.9549508094787598,2.0,30.0,31.0
1000,24,16,1.954096794128418,2.0,32.0,33.0
1001,24,17,1.952026605606079,2.0,34.0,35.0
1002,24,18,1.9534780979156494,2.0,36.0,37.0
1003,24,19,1.9549874067306519,2.0,38.0,39.0
1004,24,20,1.9533048868179321,2.0,40.0,41.0
1005,24,21,1.9550057649612427,2.0,42.0,43.0
1006,24,22,1.9318820238113403,2.0,44.0,45.0
1007,24,23,1.9541246891021729,2.0,46.0,47.0
1008,24,24,1.9544174671173096,2.0,48.0,49.0
1009,24,25,1.9470207691192627,2.0,50.0,51.0
1010,24,26,1.9518108367919922,2.0,52.0,53.0
1011,24,27,1.9526307582855225,2.0,54.0,55.0
1012,24,28,1.951643705368042,2.0,56.0,57.0
1013,24,29,1.9536371231079102,2.0,58.0,59.0
1014,24,30,1.9536066055297852,2.0,60.0,61.0
1015,24,31,1.954213261604309,2.0,62.0,63.0
1016,24,32,1.94968581199646,2.0,64.0,65.0
1017,24,33,1.9530086517333984,2.0,66.0,67.0
1018,24,34,1.9529365301132202,2.0,68.0,69.0
1019,24,35,1.9541127681732178,2.0,70.0,71.0
1020,24,36,1.9543545246124268,2.0,72.0,73.0
1021,24,37,1.9540748596191406,2.0,74.0,75.0
1022,24,38,1.9532798528671265,2.0,76.0,77.0
1023,24,39,1.953255534172058,2.0,78.0,79.0
1024,24,40,1.9533603191375732,2.0,80.0,81.0
1025,25,0,1.951824426651001,0.0,0.0,0.0
1026,25,1,1.7769131660461426,2.0,2.0,3.0
1027,25,2,1.7397122383117676,2.0,4.0,5.0
1028,25,3,1.787132978439331,2.0,6.0,7.0
1029,25,4,1.9326484203338623,2.0,8.0,9.0
1030,25,5,1.9272819757461548,2.0,10.0,11.0
1031,25,6,1.8880425691604614,2.0,12.0,13.0
1032,25,7,1.8535780906677246,2.0,14.0,15.0
1033,25,8,1.936474084854126,2.0,16.0,17.0
1034,25,9,1.9515504837036133,2.0,18.0,19.0
1035,25,10,1.9408564567565918,2.0,20.0,21.0
1036,25,11,1.9472613334655762,2.0,22.0,23.0
1037,25,12,1.9478124380111694,2.0,24.0,25.0
1038,25,13,1.9405531883239746,2.0,26.0,27.0
1039,25,14,1.947075605392456,2.0,28.0,29.0
1040,25,15,1.942546010017395,2.0,30.0,31.0
1041,25,16,1.9367223978042603,2.0,32.0,33.0
1042,25,17,1.9375455379486084,2.0,34.0,35.0
1043,25,18,1.9133365154266357,2.0,36.0,37.0
1044,25,19,1.915776014328003,2.0,38.0,39.0
1045,25,20,1.9024224281311035,2.0,40.0,41.0
1046,25,21,1.90169358253479,2.0,42.0,43.0
1047,25,22,1.8994734287261963,2.0,44.0,45.0
1048,25,23,1.9104386568069458,2.0,46.0,47.0
1049,25,24,1.9230655431747437,2.0,48.0,49.0
1050,25,25,1.9138662815093994,2.0,50.0,51.0
1051,25,26,1.9168015718460083,2.0,52.0,53.0
1052,25,27,1.9153081178665161,2.0,54.0,55.0
1053,25,28,1.9081093072891235,2.0,56.0,57.0
1054,25,29,1.9108877182006836,2.0,58.0,59.0
1055,25,30,1.919189453125,2.0,60.0,61.0
1056,25,31,1.9226655960083008,2.0,62.0,63.0
1057,25,32,1.91734778881073,2.0,64.0,65.0
1058,25,33,1.9213690757751465,2.0,66.0,67.0
1059,25,34,1.9162275791168213,2.0,68.0,69.0
1060,25,35,1.9188718795776367,2.0,70.0,71.0
1061,25,36,1.9169238805770874,2.0,72.0,73.0
1062,25,37,1.9150090217590332,2.0,74.0,75.0
1063,25,38,1.914849042892456,2.0,76.0,77.0
1064,25,39,1.9135515689849854,2.0,78.0,79.0
1065,25,40,1.9307618141174316,2.0,80.0,81.0
1066,26,0,0.8717742562294006,0.0,0.0,0.0
1067,26,1,0.8835049271583557,2.0,2.0,3.0
1068,26,2,1.0321965217590332,2.0,4.0,5.0
1069,26,3,1.95421302318573,2.0,6.0,7.0
1070,26,4,1.9440110921859741,2.0,8.0,9.0
1071,26,5,1.942894458770752,2.0,10.0,11.0
1072,26,6,1.9539034366607666,2.0,12.0,13.0
1073,26,7,1.9461013078689575,2.0,14.0,15.0
1074,26,8,1.9294697046279907,2.0,16.0,17.0
1075,26,9,1.891322374343872,2.0,18.0,19.0
1076,26,10,1.9088973999023438,2.0,20.0,21.0
1077,26,11,1.9114264249801636,2.0,22.0,23.0
1078,26,12,1.9058794975280762,2.0,24.0,25.0
1079,26,13,1.893444538116455,2.0,26.0,27.0
1080,26,14,1.9319522380828857,2.0,28.0,29.0
1081,26,15,1.9466670751571655,2.0,30.0,31.0
1082,26,16,1.9399347305297852,2.0,32.0,33.0
1083,26,17,1.9456706047058105,2.0,34.0,35.0
1084,26,18,1.9507639408111572,2.0,36.0,37.0
1085,26,19,1.948279619216919,2.0,38.0,39.0
1086,26,20,1.9443042278289795,2.0,40.0,41.0
1087,26,21,1.9424426555633545,2.0,42.0,43.0
1088,26,22,1.9316539764404297,2.0,44.0,45.0
1089,26,23,1.942730188369751,2.0,46.0,47.0
1090,26,24,1.9142990112304688,2.0,48.0,49.0
1091,26,25,1.9447497129440308,2.0,50.0,51.0
1092,26,26,1.9463119506835938,2.0,52.0,53.0
1093,26,27,1.9453067779541016,2.0,54.0,55.0
1094,26,28,1.9481228590011597,2.0,56.0,57.0
1095,26,29,1.9526516199111938,2.0,58.0,59.0
1096,26,30,1.9529592990875244,2.0,60.0,61.0
1097,26,31,1.9507696628570557,2.0,62.0,63.0
1098,26,32,1.945643424987793,2.0,64.0,65.0
1099,26,33,1.9466674327850342,2.0,66.0,67.0
1100,26,34,1.9547498226165771,2.0,68.0,69.0
1101,26,35,1.9549862146377563,2.0,70.0,71.0
1102,26,36,1.951444387435913,2.0,72.0,73.0
1103,26,37,1.953903079032898,2.0,74.0,75.0
1104,26,38,1.954969882965088,2.0,76.0,77.0
1105,26,39,1.954993486404419,2.0,78.0,79.0
1106,26,40,1.9536206722259521,2.0,80.0,81.0
1107,27,0,1.7407104969024658,0.0,0.0,0.0
1108,27,1,1.737668514251709,2.0,2.0,3.0
1109,27,2,1.6782889366149902,2.0,4.0,5.0
1110,27,3,1.8770276308059692,2.0,6.0,7.0
1111,27,4,1.8333264589309692,2.0,8.0,9.0
1112,27,5,1.8230807781219482,2.0,10.0,11.0
1113,27,6,1.838235855102539,2.0,12.0,13.0
1114,27,7,1.8526958227157593,2.0,14.0,15.0
1115,27,8,1.8277889490127563,2.0,16.0,17.0
1116,27,9,1.8335272073745728,2.0,18.0,19.0
1117,27,10,1.9183528423309326,2.0,20.0,21.0
1118,27,11,1.8805142641067505,2.0,22.0,23.0
1119,27,12,1.8921048641204834,2.0,24.0,25.0
1120,27,13,1.8938026428222656,2.0,26.0,27.0
1121,27,14,1.8863120079040527,2.0,28.0,29.0
1122,27,15,1.8982970714569092,2.0,30.0,31.0
1123,27,16,1.8980181217193604,2.0,32.0,33.0
1124,27,17,1.898120641708374,2.0,34.0,35.0
1125,27,18,1.9006869792938232,2.0,36.0,37.0
1126,27,19,1.9267661571502686,2.0,38.0,39.0
1127,27,20,1.9359837770462036,2.0,40.0,41.0
1128,27,21,1.9394855499267578,2.0,42.0,43.0
1129,27,22,1.9331512451171875,2.0,44.0,45.0
1130,27,23,1.9310405254364014,2.0,46.0,47.0
1131,27,24,1.9393248558044434,2.0,48.0,49.0
1132,27,25,1.9301390647888184,2.0,50.0,51.0
1133,27,26,1.9291260242462158,2.0,52.0,53.0
1134,27,27,1.936240792274475,2.0,54.0,55.0
1135,27,28,1.9393672943115234,2.0,56.0,57.0
1136,27,29,1.9360305070877075,2.0,58.0,59.0
1137,27,30,1.936349868774414,2.0,60.0,61.0
1138,27,31,1.9352651834487915,2.0,62.0,63.0
1139,27,32,1.935300350189209,2.0,64.0,65.0
1140,27,33,1.9361927509307861,2.0,66.0,67.0
1141,27,34,1.9328908920288086,2.0,68.0,69.0
1142,27,35,1.9349392652511597,2.0,70.0,71.0
1143,27,36,1.9324848651885986,2.0,72.0,73.0
1144,27,37,1.9229347705841064,2.0,74.0,75.0
1145,27,38,1.914513349533081,2.0,76.0,77.0
1146,27,39,1.9221304655075073,2.0,78.0,79.0
1147,27,40,1.9278895854949951,2.0,80.0,81.0
1148,28,0,1.7487165927886963,0.0,0.0,0.0
1149,28,1,1.7452161312103271,2.0,2.0,3.0
1150,28,2,1.7463444471359253,2.0,4.0,5.0
1151,28,3,1.8659487962722778,2.0,6.0,7.0
1152,28,4,1.882671594619751,2.0,8.0,9.0
1153,28,5,1.847961187362671,2.0,10.0,11.0
1154,28,6,1.7160032987594604,2.0,12.0,13.0
1155,28,7,1.6799554824829102,2.0,14.0,15.0
1156,28,8,1.7745144367218018,2.0,16.0,17.0
1157,28,9,1.7809959650039673,2.0,18.0,19.0
1158,28,10,1.6893435716629028,2.0,20.0,21.0
1159,28,11,1.7015550136566162,2.0,22.0,23.0
1160,28,12,1.799497365951538,2.0,24.0,25.0
1161,28,13,1.7965853214263916,2.0,26.0,27.0
1162,28,14,1.8023451566696167,2.0,28.0,29.0
1163,28,15,1.7248666286468506,2.0,30.0,31.0
1164,28,16,1.7337567806243896,2.0,32.0,33.0
1165,28,17,1.7570810317993164,2.0,34.0,35.0
1166,28,18,1.7609412670135498,2.0,36.0,37.0
1167,28,19,1.801764965057373,2.0,38.0,39.0
1168,28,20,1.8062493801116943,2.0,40.0,41.0
1169,28,21,1.8027689456939697,2.0,42.0,43.0
1170,28,22,1.7945148944854736,2.0,44.0,45.0
1171,28,23,1.8453700542449951,2.0,46.0,47.0
1172,28,24,1.8338310718536377,2.0,48.0,49.0
1173,28,25,1.8543729782104492,2.0,50.0,51.0
1174,28,26,1.860185146331787,2.0,52.0,53.0
1175,28,27,1.9064981937408447,2.0,54.0,55.0
1176,28,28,1.9181208610534668,2.0,56.0,57.0
1177,28,29,1.9174323081970215,2.0,58.0,59.0
1178,28,30,1.9272119998931885,2.0,60.0,61.0
1179,28,31,1.9351751804351807,2.0,62.0,63.0
1180,28,32,1.9285558462142944,2.0,64.0,65.0
1181,28,33,1.9401590824127197,2.0,66.0,67.0
1182,28,34,1.9375464916229248,2.0,68.0,69.0
1183,28,35,1.9465320110321045,2.0,70.0,71.0
1184,28,36,1.923755407333374,2.0,72.0,73.0
1185,28,37,1.9313557147979736,2.0,74.0,75.0
1186,28,38,1.9502109289169312,2.0,76.0,77.0
1187,28,39,1.954634666442871,2.0,78.0,79.0
1188,28,40,1.9534764289855957,2.0,80.0,81.0
1189,29,0,1.8662610054016113,0.0,0.0,0.0
1190,29,1,1.7613329887390137,2.0,2.0,3.0
1191,29,2,1.8749078512191772,2.0,4.0,5.0
1192,29,3,1.8965587615966797,2.0,6.0,7.0
1193,29,4,1.9496307373046875,2.0,8.0,9.0
1194,29,5,1.9549944400787354,2.0,10.0,11.0
1195,29,6,1.953819751739502,2.0,12.0,13.0
1196,29,7,1.9526066780090332,2.0,14.0,15.0
1197,29,8,1.9547467231750488,2.0,16.0,17.0
1198,29,9,1.9536898136138916,2.0,18.0,19.0
1199,29,10,1.9245524406433105,2.0,20.0,21.0
1200,29,11,1.9436604976654053,2.0,22.0,23.0
1201,29,12,1.8981966972351074,2.0,24.0,25.0
1202,29,13,1.8834569454193115,2.0,26.0,27.0
1203,29,14,1.899712085723877,2.0,28.0,29.0
1204,29,15,1.9273642301559448,2.0,30.0,31.0
1205,29,16,1.9141623973846436,2.0,32.0,33.0
1206,29,17,1.9033294916152954,2.0,34.0,35.0
1207,29,18,1.9160172939300537,2.0,36.0,37.0
1208,29,19,1.9203014373779297,2.0,38.0,39.0
1209,29,20,1.9166041612625122,2.0,40.0,41.0
1210,29,21,1.9185476303100586,2.0,42.0,43.0
1211,29,22,1.9129505157470703,2.0,44.0,45.0
1212,29,23,1.9131674766540527,2.0,46.0,47.0
1213,29,24,1.917783260345459,2.0,48.0,49.0
1214,29,25,1.9090497493743896,2.0,50.0,51.0
1215,29,26,1.9190154075622559,2.0,52.0,53.0
1216,29,27,1.936964750289917,2.0,54.0,55.0
1217,29,28,1.909212350845337,2.0,56.0,57.0
1218,29,29,1.936517357826233,2.0,58.0,59.0
1219,29,30,1.9349561929702759,2.0,60.0,61.0
1220,29,31,1.936401128768921,2.0,62.0,63.0
1221,29,32,1.9411330223083496,2.0,64.0,65.0
1222,29,33,1.9356135129928589,2.0,66.0,67.0
1223,29,34,1.9417232275009155,2.0,68.0,69.0
1224,29,35,1.9323430061340332,2.0,70.0,71.0
1225,29,36,1.934874176979065,2.0,72.0,73.0
1226,29,37,1.9341011047363281,2.0,74.0,75.0
1227,29,38,1.9337393045425415,2.0,76.0,77.0
1228,29,39,1.9436311721801758,2.0,78.0,79.0
1229,29,40,1.94411039352417,2.0,80.0,81.0
1230,30,0,1.9045555591583252,0.0,0.0,0.0
1231,30,1,1.9276955127716064,2.0,2.0,3.0
1232,30,2,1.8696962594985962,2.0,4.0,5.0
1233,30,3,1.8628337383270264,2.0,6.0,7.0
1234,30,4,1.9048130512237549,2.0,8.0,9.0
1235,30,5,1.9181320667266846,2.0,10.0,11.0
1236,30,6,1.9029514789581299,2.0,12.0,13.0
1237,30,7,1.90749192237854,2.0,14.0,15.0
1238,30,8,1.9078526496887207,2.0,16.0,17.0
1239,30,9,1.9143298864364624,2.0,18.0,19.0
1240,30,10,1.9024654626846313,2.0,20.0,21.0
1241,30,11,1.9072668552398682,2.0,22.0,23.0
1242,30,12,1.9109976291656494,2.0,24.0,25.0
1243,30,13,1.908632755279541,2.0,26.0,27.0
1244,30,14,1.9404937028884888,2.0,28.0,29.0
1245,30,15,1.9520269632339478,2.0,30.0,31.0
1246,30,16,1.9520560503005981,2.0,32.0,33.0
1247,30,17,1.9487276077270508,2.0,34.0,35.0
1248,30,18,1.9517505168914795,2.0,36.0,37.0
1249,30,19,1.9503883123397827,2.0,38.0,39.0
1250,30,20,1.9476064443588257,2.0,40.0,41.0
1251,30,21,1.9469225406646729,2.0,42.0,43.0
1252,30,22,1.9520654678344727,2.0,44.0,45.0
1253,30,23,1.9505131244659424,2.0,46.0,47.0
1254,30,24,1.9523499011993408,2.0,48.0,49.0
1255,30,25,1.9502503871917725,2.0,50.0,51.0
1256,30,26,1.9532535076141357,2.0,52.0,53.0
1257,30,27,1.9526278972625732,2.0,54.0,55.0
1258,30,28,1.951974868774414,2.0,56.0,57.0
1259,30,29,1.9533649682998657,2.0,58.0,59.0
1260,30,30,1.9536688327789307,2.0,60.0,61.0
1261,30,31,1.9541411399841309,2.0,62.0,63.0
1262,30,32,1.9543819427490234,2.0,64.0,65.0
1263,30,33,1.9547555446624756,2.0,66.0,67.0
1264,30,34,1.9550011157989502,2.0,68.0,69.0
1265,30,35,1.9544968605041504,2.0,70.0,71.0
1266,30,36,1.9549789428710938,2.0,72.0,73.0
1267,30,37,1.9549709558486938,2.0,74.0,75.0
1268,30,38,1.9548580646514893,2.0,76.0,77.0
1269,30,39,1.954964518547058,2.0,78.0,79.0
1270,30,40,1.9550161361694336,2.0,80.0,81.0
1271,31,0,1.8563414812088013,0.0,0.0,0.0
1272,31,1,1.8580186367034912,2.0,2.0,3.0
1273,31,2,1.9293785095214844,2.0,4.0,5.0
1274,31,3,1.9218530654907227,2.0,6.0,7.0
1275,31,4,1.689784288406372,2.0,8.0,9.0
1276,31,5,1.5586886405944824,2.0,10.0,11.0
1277,31,6,1.7293009757995605,2.0,12.0,13.0
1278,31,7,1.9079757928848267,2.0,14.0,15.0
1279,31,8,1.8676097393035889,2.0,16.0,17.0
1280,31,9,1.8799406290054321,2.0,18.0,19.0
1281,31,10,1.9113445281982422,2.0,20.0,21.0
1282,31,11,1.863109827041626,2.0,22.0,23.0
1283,31,12,1.8978158235549927,2.0,24.0,25.0
1284,31,13,1.9325165748596191,2.0,26.0,27.0
1285,31,14,1.9361281394958496,2.0,28.0,29.0
1286,31,15,1.9526727199554443,2.0,30.0,31.0
1287,31,16,1.9549553394317627,2.0,32.0,33.0
1288,31,17,1.9534929990768433,2.0,34.0,35.0
1289,31,18,1.9545748233795166,2.0,36.0,37.0
1290,31,19,1.9545907974243164,2.0,38.0,39.0
1291,31,20,1.9501765966415405,2.0,40.0,41.0
1292,31,21,1.9323475360870361,2.0,42.0,43.0
1293,31,22,1.9143146276474,2.0,44.0,45.0
1294,31,23,1.9205052852630615,2.0,46.0,47.0
1295,31,24,1.9000616073608398,2.0,48.0,49.0
1296,31,25,1.934097409248352,2.0,50.0,51.0
1297,31,26,1.9378528594970703,2.0,52.0,53.0
1298,31,27,1.9301334619522095,2.0,54.0,55.0
1299,31,28,1.9355814456939697,2.0,56.0,57.0
1300,31,29,1.9298114776611328,2.0,58.0,59.0
1301,31,30,1.953796148300171,2.0,60.0,61.0
1302,31,31,1.932119607925415,2.0,62.0,63.0
1303,31,32,1.9362428188323975,2.0,64.0,65.0
1304,31,33,1.9293642044067383,2.0,66.0,67.0
1305,31,34,1.8914189338684082,2.0,68.0,69.0
1306,31,35,1.9216731786727905,2.0,70.0,71.0
1307,31,36,1.921283483505249,2.0,72.0,73.0
1308,31,37,1.9061884880065918,2.0,74.0,75.0
1309,31,38,1.918847680091858,2.0,76.0,77.0
1310,31,39,1.9173035621643066,2.0,78.0,79.0
1311,31,40,1.941206455230713,2.0,80.0,81.0
1312,32,0,1.619512915611267,0.0,0.0,0.0
1313,32,1,1.609623670578003,2.0,2.0,3.0
1314,32,2,1.6429197788238525,2.0,4.0,5.0
1315,32,3,1.6931328773498535,2.0,6.0,7.0
1316,32,4,1.727987289428711,2.0,8.0,9.0
1317,32,5,1.8460679054260254,2.0,10.0,11.0
1318,32,6,1.934326410293579,2.0,12.0,13.0
1319,32,7,1.9546655416488647,2.0,14.0,15.0
1320,32,8,1.9520487785339355,2.0,16.0,17.0
1321,32,9,1.9546771049499512,2.0,18.0,19.0
1322,32,10,1.9549834728240967,2.0,20.0,21.0
1323,32,11,1.9549918174743652,2.0,22.0,23.0
1324,32,12,1.954738974571228,2.0,24.0,25.0
1325,32,13,1.9544339179992676,2.0,26.0,27.0
1326,32,14,1.9483778476715088,2.0,28.0,29.0
1327,32,15,1.9427454471588135,2.0,30.0,31.0
1328,32,16,1.9383833408355713,2.0,32.0,33.0
1329,32,17,1.9544651508331299,2.0,34.0,35.0
1330,32,18,1.9537932872772217,2.0,36.0,37.0
1331,32,19,1.95451819896698,2.0,38.0,39.0
1332,32,20,1.9544727802276611,2.0,40.0,41.0
1333,32,21,1.9526365995407104,2.0,42.0,43.0
1334,32,22,1.9550127983093262,2.0,44.0,45.0
1335,32,23,1.944399356842041,2.0,46.0,47.0
1336,32,24,1.9542276859283447,2.0,48.0,49.0
1337,32,25,1.9535455703735352,2.0,50.0,51.0
1338,32,26,1.9505850076675415,2.0,52.0,53.0
1339,32,27,1.9523942470550537,2.0,54.0,55.0
1340,32,28,1.9492793083190918,2.0,56.0,57.0
1341,32,29,1.9500921964645386,2.0,58.0,59.0
1342,32,30,1.9479029178619385,2.0,60.0,61.0
1343,32,31,1.9454305171966553,2.0,62.0,63.0
1344,32,32,1.9509828090667725,2.0,64.0,65.0
1345,32,33,1.9445408582687378,2.0,66.0,67.0
1346,32,34,1.9474961757659912,2.0,68.0,69.0
1347,32,35,1.9450656175613403,2.0,70.0,71.0
1348,32,36,1.9506618976593018,2.0,72.0,73.0
1349,32,37,1.9478415250778198,2.0,74.0,75.0
1350,32,38,1.941343069076538,2.0,76.0,77.0
1351,32,39,1.9440436363220215,2.0,78.0,79.0
1352,32,40,1.884554386138916,2.0,80.0,81.0
1353,33,0,1.827133059501648,0.0,0.0,0.0
1354,33,1,1.8238791227340698,2.0,2.0,3.0
1355,33,2,1.8782248497009277,2.0,4.0,5.0
1356,33,3,1.9219839572906494,2.0,6.0,7.0
1357,33,4,1.926326036453247,2.0,8.0,9.0
1358,33,5,1.9381308555603027,2.0,10.0,11.0
1359,33,6,1.942753791809082,2.0,12.0,13.0
1360,33,7,1.938819169998169,2.0,14.0,15.0
1361,33,8,1.9484632015228271,2.0,16.0,17.0
1362,33,9,1.9471821784973145,2.0,18.0,19.0
1363,33,10,1.9281527996063232,2.0,20.0,21.0
1364,33,11,1.9237256050109863,2.0,22.0,23.0
1365,33,12,1.9377391338348389,2.0,24.0,25.0
1366,33,13,1.9417915344238281,2.0,26.0,27.0
1367,33,14,1.9423673152923584,2.0,28.0,29.0
1368,33,15,1.93927001953125,2.0,30.0,31.0
1369,33,16,1.9495803117752075,2.0,32.0,33.0
1370,33,17,1.946916103363037,2.0,34.0,35.0
1371,33,18,1.9511712789535522,2.0,36.0,37.0
1372,33,19,1.9538298845291138,2.0,38.0,39.0
1373,33,20,1.9503300189971924,2.0,40.0,41.0
1374,33,21,1.9544706344604492,2.0,42.0,43.0
1375,33,22,1.951451301574707,2.0,44.0,45.0
1376,33,23,1.9480698108673096,2.0,46.0,47.0
1377,33,24,1.954635500907898,2.0,48.0,49.0
1378,33,25,1.9479824304580688,2.0,50.0,51.0
1379,33,26,1.9506969451904297,2.0,52.0,53.0
1380,33,27,1.9523985385894775,2.0,54.0,55.0
1381,33,28,1.9469833374023438,2.0,56.0,57.0
1382,33,29,1.9479223489761353,2.0,58.0,59.0
1383,33,30,1.9463530778884888,2.0,60.0,61.0
1384,33,31,1.9519147872924805,2.0,62.0,63.0
1385,33,32,1.9504094123840332,2.0,64.0,65.0
1386,33,33,1.9519257545471191,2.0,66.0,67.0
1387,33,34,1.9511264562606812,2.0,68.0,69.0
1388,33,35,1.9516868591308594,2.0,70.0,71.0
1389,33,36,1.9512684345245361,2.0,72.0,73.0
1390,33,37,1.9523963928222656,2.0,74.0,75.0
1391,33,38,1.9550129175186157,2.0,76.0,77.0
1392,33,39,1.9548524618148804,2.0,78.0,79.0
1393,33,40,1.9545135498046875,2.0,80.0,81.0
1394,34,0,1.7818139791488647,0.0,0.0,0.0
1395,34,1,1.863224744796753,2.0,2.0,3.0
1396,34,2,1.6628541946411133,2.0,4.0,5.0
1397,34,3,1.9465529918670654,2.0,6.0,7.0
1398,34,4,1.9549033641815186,2.0,8.0,9.0
1399,34,5,1.954106092453003,2.0,10.0,11.0
1400,34,6,1.9550161361694336,2.0,12.0,13.0
1401,34,7,1.9547655582427979,2.0,14.0,15.0
1402,34,8,1.9496668577194214,2.0,16.0,17.0
1403,34,9,1.9311585426330566,2.0,18.0,19.0
1404,34,10,1.9277536869049072,2.0,20.0,21.0
1405,34,11,1.874070405960083,2.0,22.0,23.0
1406,34,12,1.929587960243225,2.0,24.0,25.0
1407,34,13,1.829737901687622,2.0,26.0,27.0
1408,34,14,1.886060357093811,2.0,28.0,29.0
1409,34,15,1.8760528564453125,2.0,30.0,31.0
1410,34,16,1.7588493824005127,2.0,32.0,33.0
1411,34,17,1.8924908638000488,2.0,34.0,35.0
1412,34,18,1.9179959297180176,2.0,36.0,37.0
1413,34,19,1.9213981628417969,2.0,38.0,39.0
1414,34,20,1.925891399383545,2.0,40.0,41.0
1415,34,21,1.9240809679031372,2.0,42.0,43.0
1416,34,22,1.9313881397247314,2.0,44.0,45.0
1417,34,23,1.9295029640197754,2.0,46.0,47.0
1418,34,24,1.9303317070007324,2.0,48.0,49.0
1419,34,25,1.937079668045044,2.0,50.0,51.0
1420,34,26,1.9464915990829468,2.0,52.0,53.0
1421,34,27,1.9458497762680054,2.0,54.0,55.0
1422,34,28,1.9485225677490234,2.0,56.0,57.0
1423,34,29,1.9482810497283936,2.0,58.0,59.0
1424,34,30,1.9523223638534546,2.0,60.0,61.0
1425,34,31,1.94651198387146,2.0,62.0,63.0
1426,34,32,1.9465022087097168,2.0,64.0,65.0
1427,34,33,1.9413633346557617,2.0,66.0,67.0
1428,34,34,1.947470784187317,2.0,68.0,69.0
1429,34,35,1.9469715356826782,2.0,70.0,71.0
1430,34,36,1.948479175567627,2.0,72.0,73.0
1431,34,37,1.9506745338439941,2.0,74.0,75.0
1432,34,38,1.946080207824707,2.0,76.0,77.0
1433,34,39,1.945899248123169,2.0,78.0,79.0
1434,34,40,1.9491229057312012,2.0,80.0,81.0
1435,35,0,1.9520190954208374,0.0,0.0,0.0
1436,35,1,1.9326653480529785,2.0,2.0,3.0
1437,35,2,1.9445734024047852,2.0,4.0,5.0
1438,35,3,1.9524250030517578,2.0,6.0,7.0
1439,35,4,1.944767951965332,2.0,8.0,9.0
1440,35,5,1.9549541473388672,2.0,10.0,11.0
1441,35,6,1.95024836063385,2.0,12.0,13.0
1442,35,7,1.9549074172973633,2.0,14.0,15.0
1443,35,8,1.9488226175308228,2.0,16.0,17.0
1444,35,9,1.9478278160095215,2.0,18.0,19.0
1445,35,10,1.9548254013061523,2.0,20.0,21.0
1446,35,11,1.954925298690796,2.0,22.0,23.0
1447,35,12,1.954972267150879,2.0,24.0,25.0
1448,35,13,1.9547276496887207,2.0,26.0,27.0
1449,35,14,1.9547184705734253,2.0,28.0,29.0
1450,35,15,1.954856514930725,2.0,30.0,31.0
1451,35,16,1.9547390937805176,2.0,32.0,33.0
1452,35,17,1.954071283340454,2.0,34.0,35.0
1453,35,18,1.9549896717071533,2.0,36.0,37.0
1454,35,19,1.9549508094787598,2.0,38.0,39.0
1455,35,20,1.9547656774520874,2.0,40.0,41.0
1456,35,21,1.9545800685882568,2.0,42.0,43.0
1457,35,22,1.9542884826660156,2.0,44.0,45.0
1458,35,23,1.9543864727020264,2.0,46.0,47.0
1459,35,24,1.9543704986572266,2.0,48.0,49.0
1460,35,25,1.9542884826660156,2.0,50.0,51.0
1461,35,26,1.9543136358261108,2.0,52.0,53.0
1462,35,27,1.9547808170318604,2.0,54.0,55.0
1463,35,28,1.9540035724639893,2.0,56.0,57.0
1464,35,29,1.9545259475708008,2.0,58.0,59.0
1465,35,30,1.9541064500808716,2.0,60.0,61.0
1466,35,31,1.9550080299377441,2.0,62.0,63.0
1467,35,32,1.9546377658843994,2.0,64.0,65.0
1468,35,33,1.9542334079742432,2.0,66.0,67.0
1469,35,34,1.9549486637115479,2.0,68.0,69.0
1470,35,35,1.9543800354003906,2.0,70.0,71.0
1471,35,36,1.9549957513809204,2.0,72.0,73.0
1472,35,37,1.953534722328186,2.0,74.0,75.0
1473,35,38,1.9548397064208984,2.0,76.0,77.0
1474,35,39,1.954314947128296,2.0,78.0,79.0
1475,35,40,1.952747106552124,2.0,80.0,81.0
1476,36,0,1.8533618450164795,0.0,0.0,0.0
1477,36,1,1.8689947128295898,2.0,2.0,3.0
1478,36,2,1.851320505142212,2.0,4.0,5.0
1479,36,3,1.8458335399627686,2.0,6.0,7.0
1480,36,4,1.7271614074707031,2.0,8.0,9.0
1481,36,5,1.6826419830322266,2.0,10.0,11.0
1482,36,6,1.7942321300506592,2.0,12.0,13.0
1483,36,7,1.807386875152588,2.0,14.0,15.0
1484,36,8,1.763153076171875,2.0,16.0,17.0
1485,36,9,1.7730786800384521,2.0,18.0,19.0
1486,36,10,1.7733323574066162,2.0,20.0,21.0
1487,36,11,1.8846051692962646,2.0,22.0,23.0
1488,36,12,1.9383273124694824,2.0,24.0,25.0
1489,36,13,1.9531711339950562,2.0,26.0,27.0
1490,36,14,1.9538471698760986,2.0,28.0,29.0
1491,36,15,1.9490234851837158,2.0,30.0,31.0
1492,36,16,1.9304982423782349,2.0,32.0,33.0
1493,36,17,1.9549310207366943,2.0,34.0,35.0
1494,36,18,1.9547219276428223,2.0,36.0,37.0
1495,36,19,1.9542533159255981,2.0,38.0,39.0
1496,36,20,1.9534001350402832,2.0,40.0,41.0
1497,36,21,1.9529476165771484,2.0,42.0,43.0
1498,36,22,1.9518983364105225,2.0,44.0,45.0
1499,36,23,1.9547131061553955,2.0,46.0,47.0
1500,36,24,1.9512724876403809,2.0,48.0,49.0
1501,36,25,1.9540531635284424,2.0,50.0,51.0
1502,36,26,1.9542601108551025,2.0,52.0,53.0
1503,36,27,1.953523874282837,2.0,54.0,55.0
1504,36,28,1.9535772800445557,2.0,56.0,57.0
1505,36,29,1.9548635482788086,2.0,58.0,59.0
1506,36,30,1.955015778541565,2.0,60.0,61.0
1507,36,31,1.9546244144439697,2.0,62.0,63.0
1508,36,32,1.9542913436889648,2.0,64.0,65.0
1509,36,33,1.9512689113616943,2.0,66.0,67.0
1510,36,34,1.951171636581421,2.0,68.0,69.0
1511,36,35,1.9269942045211792,2.0,70.0,71.0
1512,36,36,1.9498591423034668,2.0,72.0,73.0
1513,36,37,1.9511797428131104,2.0,74.0,75.0
1514,36,38,1.95167875289917,2.0,76.0,77.0
1515,36,39,1.955016016960144,2.0,78.0,79.0
1516,36,40,1.9546613693237305,2.0,80.0,81.0
1517,37,0,1.8484042882919312,0.0,0.0,0.0
1518,37,1,1.8319957256317139,2.0,2.0,3.0
1519,37,2,1.8565841913223267,2.0,4.0,5.0
1520,37,3,1.8554635047912598,2.0,6.0,7.0
1521,37,4,1.8730744123458862,2.0,8.0,9.0
1522,37,5,1.8631513118743896,2.0,10.0,11.0
1523,37,6,1.8510515689849854,2.0,12.0,13.0
1524,37,7,1.9550130367279053,2.0,14.0,15.0
1525,37,8,1.9364978075027466,2.0,16.0,17.0
1526,37,9,1.8387296199798584,2.0,18.0,19.0
1527,37,10,1.9066486358642578,2.0,20.0,21.0
1528,37,11,1.8545684814453125,2.0,22.0,23.0
1529,37,12,1.8835058212280273,2.0,24.0,25.0
1530,37,13,1.8853724002838135,2.0,26.0,27.0
1531,37,14,1.8616825342178345,2.0,28.0,29.0
1532,37,15,1.824671745300293,2.0,30.0,31.0
1533,37,16,1.8161613941192627,2.0,32.0,33.0
1534,37,17,1.8022246360778809,2.0,34.0,35.0
1535,37,18,1.8111979961395264,2.0,36.0,37.0
1536,37,19,1.8040565252304077,2.0,38.0,39.0
1537,37,20,1.820254921913147,2.0,40.0,41.0
1538,37,21,1.8311811685562134,2.0,42.0,43.0
1539,37,22,1.8259162902832031,2.0,44.0,45.0
1540,37,23,1.8336193561553955,2.0,46.0,47.0
1541,37,24,1.836557149887085,2.0,48.0,49.0
1542,37,25,1.8926477432250977,2.0,50.0,51.0
1543,37,26,1.8863906860351562,2.0,52.0,53.0
1544,37,27,1.8846337795257568,2.0,54.0,55.0
1545,37,28,1.91434907913208,2.0,56.0,57.0
1546,37,29,1.9416320323944092,2.0,58.0,59.0
1547,37,30,1.9400222301483154,2.0,60.0,61.0
1548,37,31,1.9365496635437012,2.0,62.0,63.0
1549,37,32,1.9457212686538696,2.0,64.0,65.0
1550,37,33,1.9122287034988403,2.0,66.0,67.0
1551,37,34,1.9174044132232666,2.0,68.0,69.0
1552,37,35,1.920762538909912,2.0,70.0,71.0
1553,37,36,1.9287514686584473,2.0,72.0,73.0
1554,37,37,1.9261012077331543,2.0,74.0,75.0
1555,37,38,1.9261469841003418,2.0,76.0,77.0
1556,37,39,1.9270646572113037,2.0,78.0,79.0
1557,37,40,1.9362443685531616,2.0,80.0,81.0
1558,38,0,1.6463656425476074,0.0,0.0,0.0
1559,38,1,1.7002767324447632,2.0,2.0,3.0
1560,38,2,1.7219650745391846,2.0,4.0,5.0
1561,38,3,1.750962495803833,2.0,6.0,7.0
1562,38,4,1.9190809726715088,2.0,8.0,9.0
1563,38,5,1.9526102542877197,2.0,10.0,11.0
1564,38,6,1.9541265964508057,2.0,12.0,13.0
1565,38,7,1.945310115814209,2.0,14.0,15.0
1566,38,8,1.9485609531402588,2.0,16.0,17.0
1567,38,9,1.9497450590133667,2.0,18.0,19.0
1568,38,10,1.9447460174560547,2.0,20.0,21.0
1569,38,11,1.9337310791015625,2.0,22.0,23.0
1570,38,12,1.903954267501831,2.0,24.0,25.0
1571,38,13,1.9031336307525635,2.0,26.0,27.0
1572,38,14,1.8869895935058594,2.0,28.0,29.0
1573,38,15,1.9227180480957031,2.0,30.0,31.0
1574,38,16,1.9543914794921875,2.0,32.0,33.0
1575,38,17,1.9420931339263916,2.0,34.0,35.0
1576,38,18,1.806391954421997,2.0,36.0,37.0
1577,38,19,1.954460859298706,2.0,38.0,39.0
1578,38,20,1.9543511867523193,2.0,40.0,41.0
1579,38,21,1.9425950050354004,2.0,42.0,43.0
1580,38,22,1.9535911083221436,2.0,44.0,45.0
1581,38,23,1.9547028541564941,2.0,46.0,47.0
1582,38,24,1.9512557983398438,2.0,48.0,49.0
1583,38,25,1.9534034729003906,2.0,50.0,51.0
1584,38,26,1.9515032768249512,2.0,52.0,53.0
1585,38,27,1.9505285024642944,2.0,54.0,55.0
1586,38,28,1.9485042095184326,2.0,56.0,57.0
1587,38,29,1.9513956308364868,2.0,58.0,59.0
1588,38,30,1.935190200805664,2.0,60.0,61.0
1589,38,31,1.9354007244110107,2.0,62.0,63.0
1590,38,32,1.9389042854309082,2.0,64.0,65.0
1591,38,33,1.9443031549453735,2.0,66.0,67.0
1592,38,34,1.9397326707839966,2.0,68.0,69.0
1593,38,35,1.9413478374481201,2.0,70.0,71.0
1594,38,36,1.929046630859375,2.0,72.0,73.0
1595,38,37,1.943108320236206,2.0,74.0,75.0
1596,38,38,1.944342851638794,2.0,76.0,77.0
1597,38,39,1.9504902362823486,2.0,78.0,79.0
1598,38,40,1.9544129371643066,2.0,80.0,81.0
1599,39,0,1.735349416732788,0.0,0.0,0.0
1600,39,1,1.7592233419418335,2.0,2.0,3.0
1601,39,2,1.8198665380477905,2.0,4.0,5.0
1602,39,3,1.803492784500122,2.0,6.0,7.0
1603,39,4,1.8684613704681396,2.0,8.0,9.0
1604,39,5,1.8662843704223633,2.0,10.0,11.0
1605,39,6,1.8478093147277832,2.0,12.0,13.0
1606,39,7,1.8358025550842285,2.0,14.0,15.0
1607,39,8,1.8836841583251953,2.0,16.0,17.0
1608,39,9,1.8640401363372803,2.0,18.0,19.0
1609,39,10,1.8753445148468018,2.0,20.0,21.0
1610,39,11,1.863528847694397,2.0,22.0,23.0
1611,39,12,1.8648340702056885,2.0,24.0,25.0
1612,39,13,1.8786883354187012,2.0,26.0,27.0
1613,39,14,1.8860793113708496,2.0,28.0,29.0
1614,39,15,1.8802907466888428,2.0,30.0,31.0
1615,39,16,1.9048042297363281,2.0,32.0,33.0
1616,39,17,1.9104913473129272,2.0,34.0,35.0
1617,39,18,1.9271302223205566,2.0,36.0,37.0
1618,39,19,1.9424729347229004,2.0,38.0,39.0
1619,39,20,1.9362587928771973,2.0,40.0,41.0
1620,39,21,1.9360883235931396,2.0,42.0,43.0
1621,39,22,1.9449536800384521,2.0,44.0,45.0
1622,39,23,1.9489822387695312,2.0,46.0,47.0
1623,39,24,1.9476284980773926,2.0,48.0,49.0
1624,39,25,1.9461376667022705,2.0,50.0,51.0
1625,39,26,1.9451967477798462,2.0,52.0,53.0
1626,39,27,1.9510009288787842,2.0,54.0,55.0
1627,39,28,1.9536693096160889,2.0,56.0,57.0
1628,39,29,1.9534190893173218,2.0,58.0,59.0
1629,39,30,1.9540351629257202,2.0,60.0,61.0
1630,39,31,1.9545094966888428,2.0,62.0,63.0
1631,39,32,1.9549174308776855,2.0,64.0,65.0
1632,39,33,1.954819917678833,2.0,66.0,67.0
1633,39,34,1.9543577432632446,2.0,68.0,69.0
1634,39,35,1.9528849124908447,2.0,70.0,71.0
1635,39,36,1.9546501636505127,2.0,72.0,73.0
1636,39,37,1.954721450805664,2.0,74.0,75.0
1637,39,38,1.9549723863601685,2.0,76.0,77.0
1638,39,39,1.9539358615875244,2.0,78.0,79.0
1639,39,40,1.9548051357269287,2.0,80.0,81.0
1640,40,0,1.9451215267181396,0.0,0.0,0.0
1641,40,1,1.9451849460601807,2.0,2.0,3.0
1642,40,2,1.9435584545135498,2.0,4.0,5.0
1643,40,3,1.9503452777862549,2.0,6.0,7.0
1644,40,4,1.9533007144927979,2.0,8.0,9.0
1645,40,5,1.8467097282409668,2.0,10.0,11.0
1646,40,6,1.897248387336731,2.0,12.0,13.0
1647,40,7,1.9014511108398438,2.0,14.0,15.0
1648,40,8,1.9287667274475098,2.0,16.0,17.0
1649,40,9,1.9453667402267456,2.0,18.0,19.0
1650,40,10,1.9389863014221191,2.0,20.0,21.0
1651,40,11,1.9406251907348633,2.0,22.0,23.0
1652,40,12,1.9020644426345825,2.0,24.0,25.0
1653,40,13,1.9336830377578735,2.0,26.0,27.0
1654,40,14,1.9281249046325684,2.0,28.0,29.0
1655,40,15,1.9269828796386719,2.0,30.0,31.0
1656,40,16,1.9319758415222168,2.0,32.0,33.0
1657,40,17,1.9516081809997559,2.0,34.0,35.0
1658,40,18,1.936516284942627,2.0,36.0,37.0
1659,40,19,1.9471571445465088,2.0,38.0,39.0
1660,40,20,1.946591854095459,2.0,40.0,41.0
1661,40,21,1.9493787288665771,2.0,42.0,43.0
1662,40,22,1.9490331411361694,2.0,44.0,45.0
1663,40,23,1.9515035152435303,2.0,46.0,47.0
1664,40,24,1.9501243829727173,2.0,48.0,49.0
1665,40,25,1.950243592262268,2.0,50.0,51.0
1666,40,26,1.949645757675171,2.0,52.0,53.0
1667,40,27,1.9511847496032715,2.0,54.0,55.0
1668,40,28,1.949627161026001,2.0,56.0,57.0
1669,40,29,1.950098991394043,2.0,58.0,59.0
1670,40,30,1.9514946937561035,2.0,60.0,61.0
1671,40,31,1.9533894062042236,2.0,62.0,63.0
1672,40,32,1.9513598680496216,2.0,64.0,65.0
1673,40,33,1.9514241218566895,2.0,66.0,67.0
1674,40,34,1.9481004476547241,2.0,68.0,69.0
1675,40,35,1.944135069847107,2.0,70.0,71.0
1676,40,36,1.9474244117736816,2.0,72.0,73.0
1677,40,37,1.9492782354354858,2.0,74.0,75.0
1678,40,38,1.9493391513824463,2.0,76.0,77.0
1679,40,39,1.949846625328064,2.0,78.0,79.0
1680,40,40,1.9451812505722046,2.0,80.0,81.0
1681,41,0,0.018070340156555176,0.0,0.0,0.0
1682,41,1,0.018070340156555176,2.0,2.0,3.0
1683,41,2,0.018070340156555176,2.0,4.0,5.0
1684,41,3,0.018070340156555176,2.0,6.0,7.0
1685,41,4,0.018070340156555176,2.0,8.0,9.0
1686,41,5,0.018070340156555176,2.0,10.0,11.0
1687,41,6,0.018070340156555176,2.0,12.0,13.0
1688,41,7,0.018070340156555176,2.0,14.0,15.0
1689,41,8,0.018070340156555176,2.0,16.0,17.0
1690,41,9,0.018070340156555176,2.0,18.0,19.0
1691,41,10,0.9242623448371887,2.0,20.0,21.0
1692,41,11,1.0450284481048584,2.0,22.0,23.0
1693,41,12,1.0262656211853027,2.0,24.0,25.0
1694,41,13,1.045049786567688,2.0,26.0,27.0
1695,41,14,1.0438462495803833,2.0,28.0,29.0
1696,41,15,1.0449084043502808,2.0,30.0,31.0
1697,41,16,1.7346668243408203,2.0,32.0,33.0
1698,41,17,1.0433560609817505,2.0,34.0,35.0
1699,41,18,1.8133609294891357,2.0,36.0,37.0
1700,41,19,1.6925731897354126,2.0,38.0,39.0
1701,41,20,1.7091889381408691,2.0,40.0,41.0
1702,41,21,1.6929731369018555,2.0,42.0,43.0
1703,41,22,1.8097171783447266,2.0,44.0,45.0
1704,41,23,1.7996482849121094,2.0,46.0,47.0
1705,41,24,1.9532657861709595,2.0,48.0,49.0
1706,41,25,1.8260411024093628,2.0,50.0,51.0
1707,41,26,1.9043810367584229,2.0,52.0,53.0
1708,41,27,1.9155943393707275,2.0,54.0,55.0
1709,41,28,1.901723861694336,2.0,56.0,57.0
1710,41,29,1.9339218139648438,2.0,58.0,59.0
1711,41,30,1.9460525512695312,2.0,60.0,61.0
1712,41,31,1.9464449882507324,2.0,62.0,63.0
1713,41,32,1.935585856437683,2.0,64.0,65.0
1714,41,33,1.9488577842712402,2.0,66.0,67.0
1715,41,34,1.8864476680755615,2.0,68.0,69.0
1716,41,35,1.9141063690185547,2.0,70.0,71.0
1717,41,36,1.952892541885376,2.0,72.0,73.0
1718,41,37,1.953238844871521,2.0,74.0,75.0
1719,41,38,1.9273180961608887,2.0,76.0,77.0
1720,41,39,1.919301986694336,2.0,78.0,79.0
1721,41,40,1.9527850151062012,2.0,80.0,81.0
1722,42,0,1.3888769149780273,0.0,0.0,0.0
1723,42,1,1.5046453475952148,2.0,2.0,3.0
1724,42,2,1.6513324975967407,2.0,4.0,5.0
1725,42,3,1.7442787885665894,2.0,6.0,7.0
1726,42,4,1.9002954959869385,2.0,8.0,9.0
1727,42,5,1.9019638299942017,2.0,10.0,11.0
1728,42,6,1.8771413564682007,2.0,12.0,13.0
1729,42,7,1.9067928791046143,2.0,14.0,15.0
1730,42,8,1.9164702892303467,2.0,16.0,17.0
1731,42,9,1.9243857860565186,2.0,18.0,19.0
1732,42,10,1.95481276512146,2.0,20.0,21.0
1733,42,11,1.9536954164505005,2.0,22.0,23.0
1734,42,12,1.951582908630371,2.0,24.0,25.0
1735,42,13,1.9516640901565552,2.0,26.0,27.0
1736,42,14,1.9541683197021484,2.0,28.0,29.0
1737,42,15,1.9532787799835205,2.0,30.0,31.0
1738,42,16,1.9547009468078613,2.0,32.0,33.0
1739,42,17,1.9549572467803955,2.0,34.0,35.0
1740,42,18,1.954909086227417,2.0,36.0,37.0
1741,42,19,1.9529576301574707,2.0,38.0,39.0
1742,42,20,1.9523897171020508,2.0,40.0,41.0
1743,42,21,1.951186180114746,2.0,42.0,43.0
1744,42,22,1.9545161724090576,2.0,44.0,45.0
1745,42,23,1.9550142288208008,2.0,46.0,47.0
1746,42,24,1.9550132751464844,2.0,48.0,49.0
1747,42,25,1.9550142288208008,2.0,50.0,51.0
1748,42,26,1.954859972000122,2.0,52.0,53.0
1749,42,27,1.9546172618865967,2.0,54.0,55.0
1750,42,28,1.9549469947814941,2.0,56.0,57.0
1751,42,29,1.9549331665039062,2.0,58.0,59.0
1752,42,30,1.9530694484710693,2.0,60.0,61.0
1753,42,31,1.9467536211013794,2.0,62.0,63.0
1754,42,32,1.949118733406067,2.0,64.0,65.0
1755,42,33,1.9483722448349,2.0,66.0,67.0
1756,42,34,1.9500336647033691,2.0,68.0,69.0
1757,42,35,1.9486536979675293,2.0,70.0,71.0
1758,42,36,1.9533963203430176,2.0,72.0,73.0
1759,42,37,1.9525277614593506,2.0,74.0,75.0
1760,42,38,1.9524874687194824,2.0,76.0,77.0
1761,42,39,1.9534494876861572,2.0,78.0,79.0
1762,42,40,1.9543957710266113,2.0,80.0,81.0
1763,43,0,1.9445021152496338,0.0,0.0,0.0
1764,43,1,1.9512693881988525,2.0,2.0,3.0
1765,43,2,1.9464192390441895,2.0,4.0,5.0
1766,43,3,1.9296753406524658,2.0,6.0,7.0
1767,43,4,1.9114603996276855,2.0,8.0,9.0
1768,43,5,1.9269001483917236,2.0,10.0,11.0
1769,43,6,1.9496229887008667,2.0,12.0,13.0
1770,43,7,1.9397304058074951,2.0,14.0,15.0
1771,43,8,1.9534502029418945,2.0,16.0,17.0
1772,43,9,1.9487550258636475,2.0,18.0,19.0
1773,43,10,1.952270269393921,2.0,20.0,21.0
1774,43,11,1.941884160041809,2.0,22.0,23.0
1775,43,12,1.9525872468948364,2.0,24.0,25.0
1776,43,13,1.9550130367279053,2.0,26.0,27.0
1777,43,14,1.9548261165618896,2.0,28.0,29.0
1778,43,15,1.9517290592193604,2.0,30.0,31.0
1779,43,16,1.9516160488128662,2.0,32.0,33.0
1780,43,17,1.9513375759124756,2.0,34.0,35.0
1781,43,18,1.9480115175247192,2.0,36.0,37.0
1782,43,19,1.94895339012146,2.0,38.0,39.0
1783,43,20,1.9518406391143799,2.0,40.0,41.0
1784,43,21,1.9513413906097412,2.0,42.0,43.0
1785,43,22,1.9490458965301514,2.0,44.0,45.0
1786,43,23,1.95343017578125,2.0,46.0,47.0
1787,43,24,1.9529809951782227,2.0,48.0,49.0
1788,43,25,1.9537160396575928,2.0,50.0,51.0
1789,43,26,1.9549050331115723,2.0,52.0,53.0
1790,43,27,1.954193115234375,2.0,54.0,55.0
1791,43,28,1.953392744064331,2.0,56.0,57.0
1792,43,29,1.9376449584960938,2.0,58.0,59.0
1793,43,30,1.952991247177124,2.0,60.0,61.0
1794,43,31,1.9542186260223389,2.0,62.0,63.0
1795,43,32,1.953054666519165,2.0,64.0,65.0
1796,43,33,1.9540421962738037,2.0,66.0,67.0
1797,43,34,1.9543702602386475,2.0,68.0,69.0
1798,43,35,1.954948902130127,2.0,70.0,71.0
1799,43,36,1.9542932510375977,2.0,72.0,73.0
1800,43,37,1.9550161361694336,2.0,74.0,75.0
1801,43,38,1.954984426498413,2.0,76.0,77.0
1802,43,39,1.9546782970428467,2.0,78.0,79.0
1803,43,40,1.955014705657959,2.0,80.0,81.0
1804,44,0,1.9375882148742676,0.0,0.0,0.0
1805,44,1,1.954960823059082,2.0,2.0,3.0
1806,44,2,1.912789225578308,2.0,4.0,5.0
1807,44,3,1.9523046016693115,2.0,6.0,7.0
1808,44,4,1.954531192779541,2.0,8.0,9.0
1809,44,5,1.9542481899261475,2.0,10.0,11.0
1810,44,6,1.950537919998169,2.0,12.0,13.0
1811,44,7,1.9452234506607056,2.0,14.0,15.0
1812,44,8,1.9531534910202026,2.0,16.0,17.0
1813,44,9,1.95493483543396,2.0,18.0,19.0
1814,44,10,1.9493529796600342,2.0,20.0,21.0
1815,44,11,1.9488270282745361,2.0,22.0,23.0
1816,44,12,1.9445945024490356,2.0,24.0,25.0
1817,44,13,1.9486589431762695,2.0,26.0,27.0
1818,44,14,1.9509974718093872,2.0,28.0,29.0
1819,44,15,1.935661792755127,2.0,30.0,31.0
1820,44,16,1.9499809741973877,2.0,32.0,33.0
1821,44,17,1.9498858451843262,2.0,34.0,35.0
1822,44,18,1.945071816444397,2.0,36.0,37.0
1823,44,19,1.9473109245300293,2.0,38.0,39.0
1824,44,20,1.948829174041748,2.0,40.0,41.0
1825,44,21,1.949110984802246,2.0,42.0,43.0
1826,44,22,1.9466760158538818,2.0,44.0,45.0
1827,44,23,1.9512397050857544,2.0,46.0,47.0
1828,44,24,1.950709581375122,2.0,48.0,49.0
1829,44,25,1.950700044631958,2.0,50.0,51.0
1830,44,26,1.9487255811691284,2.0,52.0,53.0
1831,44,27,1.9448498487472534,2.0,54.0,55.0
1832,44,28,1.9446427822113037,2.0,56.0,57.0
1833,44,29,1.9511510133743286,2.0,58.0,59.0
1834,44,30,1.9506969451904297,2.0,60.0,61.0
1835,44,31,1.9364492893218994,2.0,62.0,63.0
1836,44,32,1.9516159296035767,2.0,64.0,65.0
1837,44,33,1.953316569328308,2.0,66.0,67.0
1838,44,34,1.9540519714355469,2.0,68.0,69.0
1839,44,35,1.9532086849212646,2.0,70.0,71.0
1840,44,36,1.9544353485107422,2.0,72.0,73.0
1841,44,37,1.9527244567871094,2.0,74.0,75.0
1842,44,38,1.9509618282318115,2.0,76.0,77.0
1843,44,39,1.9501615762710571,2.0,78.0,79.0
1844,44,40,1.9528744220733643,2.0,80.0,81.0
1845,45,0,1.8962275981903076,0.0,0.0,0.0
1846,45,1,1.940342903137207,2.0,2.0,3.0
1847,45,2,1.946220874786377,2.0,4.0,5.0
1848,45,3,1.9020416736602783,2.0,6.0,7.0
1849,45,4,1.9379438161849976,2.0,8.0,9.0
1850,45,5,1.9050216674804688,2.0,10.0,11.0
1851,45,6,1.9064323902130127,2.0,12.0,13.0
1852,45,7,1.9347615242004395,2.0,14.0,15.0
1853,45,8,1.9408230781555176,2.0,16.0,17.0
1854,45,9,1.9491338729858398,2.0,18.0,19.0
1855,45,10,1.9549963474273682,2.0,20.0,21.0
1856,45,11,1.9549758434295654,2.0,22.0,23.0
1857,45,12,1.9449694156646729,2.0,24.0,25.0
1858,45,13,1.9460597038269043,2.0,26.0,27.0
1859,45,14,1.9444087743759155,2.0,28.0,29.0
1860,45,15,1.9468125104904175,2.0,30.0,31.0
1861,45,16,1.9443447589874268,2.0,32.0,33.0
1862,45,17,1.9527037143707275,2.0,34.0,35.0
1863,45,18,1.9513897895812988,2.0,36.0,37.0
1864,45,19,1.9511970281600952,2.0,38.0,39.0
1865,45,20,1.950098991394043,2.0,40.0,41.0
1866,45,21,1.9487470388412476,2.0,42.0,43.0
1867,45,22,1.9459738731384277,2.0,44.0,45.0
1868,45,23,1.9486639499664307,2.0,46.0,47.0
1869,45,24,1.9507641792297363,2.0,48.0,49.0
1870,45,25,1.9497694969177246,2.0,50.0,51.0
1871,45,26,1.9495649337768555,2.0,52.0,53.0
1872,45,27,1.9498450756072998,2.0,54.0,55.0
1873,45,28,1.9497350454330444,2.0,56.0,57.0
1874,45,29,1.9500694274902344,2.0,58.0,59.0
1875,45,30,1.9461438655853271,2.0,60.0,61.0
1876,45,31,1.943892002105713,2.0,62.0,63.0
1877,45,32,1.9436008930206299,2.0,64.0,65.0
1878,45,33,1.9424712657928467,2.0,66.0,67.0
1879,45,34,1.9442046880722046,2.0,68.0,69.0
1880,45,35,1.9449188709259033,2.0,70.0,71.0
1881,45,36,1.9485955238342285,2.0,72.0,73.0
1882,45,37,1.9516656398773193,2.0,74.0,75.0
1883,45,38,1.9525524377822876,2.0,76.0,77.0
1884,45,39,1.9522488117218018,2.0,78.0,79.0
1885,45,40,1.9523310661315918,2.0,80.0,81.0
1886,46,0,1.8854336738586426,0.0,0.0,0.0
1887,46,1,1.9548646211624146,2.0,2.0,3.0
1888,46,2,1.8428208827972412,2.0,4.0,5.0
1889,46,3,1.8015594482421875,2.0,6.0,7.0
1890,46,4,1.877098798751831,2.0,8.0,9.0
1891,46,5,1.8698776960372925,2.0,10.0,11.0
1892,46,6,1.9336986541748047,2.0,12.0,13.0
1893,46,7,1.866471290588379,2.0,14.0,15.0
1894,46,8,1.8918383121490479,2.0,16.0,17.0
1895,46,9,1.9052295684814453,2.0,18.0,19.0
1896,46,10,1.8712201118469238,2.0,20.0,21.0
1897,46,11,1.889157772064209,2.0,22.0,23.0
1898,46,12,1.8985624313354492,2.0,24.0,25.0
1899,46,13,1.8869493007659912,2.0,26.0,27.0
1900,46,14,1.8841270208358765,2.0,28.0,29.0
1901,46,15,1.892491340637207,2.0,30.0,31.0
1902,46,16,1.8714333772659302,2.0,32.0,33.0
1903,46,17,1.8722834587097168,2.0,34.0,35.0
1904,46,18,1.8620588779449463,2.0,36.0,37.0
1905,46,19,1.8686800003051758,2.0,38.0,39.0
1906,46,20,1.8497703075408936,2.0,40.0,41.0
1907,46,21,1.8586323261260986,2.0,42.0,43.0
1908,46,22,1.8292652368545532,2.0,44.0,45.0
1909,46,23,1.842909812927246,2.0,46.0,47.0
1910,46,24,1.8392112255096436,2.0,48.0,49.0
1911,46,25,1.8336257934570312,2.0,50.0,51.0
1912,46,26,1.8335504531860352,2.0,52.0,53.0
1913,46,27,1.8169043064117432,2.0,54.0,55.0
1914,46,28,1.8173099756240845,2.0,56.0,57.0
1915,46,29,1.8611193895339966,2.0,58.0,59.0
1916,46,30,1.8621318340301514,2.0,60.0,61.0
1917,46,31,1.8758081197738647,2.0,62.0,63.0
1918,46,32,1.8839001655578613,2.0,64.0,65.0
1919,46,33,1.8923017978668213,2.0,66.0,67.0
1920,46,34,1.9125900268554688,2.0,68.0,69.0
1921,46,35,1.9135956764221191,2.0,70.0,71.0
1922,46,36,1.9188146591186523,2.0,72.0,73.0
1923,46,37,1.914391040802002,2.0,74.0,75.0
1924,46,38,1.9206645488739014,2.0,76.0,77.0
1925,46,39,1.923292875289917,2.0,78.0,79.0
1926,46,40,1.914489507675171,2.0,80.0,81.0
1927,47,0,1.9399819374084473,0.0,0.0,0.0
1928,47,1,1.9500097036361694,2.0,2.0,3.0
1929,47,2,1.907214641571045,2.0,4.0,5.0
1930,47,3,1.8865668773651123,2.0,6.0,7.0
1931,47,4,1.8904845714569092,2.0,8.0,9.0
1932,47,5,1.8935986757278442,2.0,10.0,11.0
1933,47,6,1.9320716857910156,2.0,12.0,13.0
1934,47,7,1.9351087808609009,2.0,14.0,15.0
1935,47,8,1.9277215003967285,2.0,16.0,17.0
1936,47,9,1.9385560750961304,2.0,18.0,19.0
1937,47,10,1.942422866821289,2.0,20.0,21.0
1938,47,11,1.9406359195709229,2.0,22.0,23.0
1939,47,12,1.9532334804534912,2.0,24.0,25.0
1940,47,13,1.9538960456848145,2.0,26.0,27.0
1941,47,14,1.9543895721435547,2.0,28.0,29.0
1942,47,15,1.9544517993927002,2.0,30.0,31.0
1943,47,16,1.9545758962631226,2.0,32.0,33.0
1944,47,17,1.9549498558044434,2.0,34.0,35.0
1945,47,18,1.954893946647644,2.0,36.0,37.0
1946,47,19,1.9547781944274902,2.0,38.0,39.0
1947,47,20,1.9550161361694336,2.0,40.0,41.0
1948,47,21,1.954840064048767,2.0,42.0,43.0
1949,47,22,1.9549808502197266,2.0,44.0,45.0
1950,47,23,1.9543182849884033,2.0,46.0,47.0
1951,47,24,1.9546918869018555,2.0,48.0,49.0
1952,47,25,1.9546735286712646,2.0,50.0,51.0
1953,47,26,1.955014944076538,2.0,52.0,53.0
1954,47,27,1.9495599269866943,2.0,54.0,55.0
1955,47,28,1.9498934745788574,2.0,56.0,57.0
1956,47,29,1.9438116550445557,2.0,58.0,59.0
1957,47,30,1.9467828273773193,2.0,60.0,61.0
1958,47,31,1.9536597728729248,2.0,62.0,63.0
1959,47,32,1.9526550769805908,2.0,64.0,65.0
1960,47,33,1.9529683589935303,2.0,66.0,67.0
1961,47,34,1.9544694423675537,2.0,68.0,69.0
1962,47,35,1.9519166946411133,2.0,70.0,71.0
1963,47,36,1.9494454860687256,2.0,72.0,73.0
1964,47,37,1.9472306966781616,2.0,74.0,75.0
1965,47,38,1.9501975774765015,2.0,76.0,77.0
1966,47,39,1.9475706815719604,2.0,78.0,79.0
1967,47,40,1.9481420516967773,2.0,80.0,81.0
1968,48,0,-1.6349613666534424,0.0,0.0,0.0
1969,48,1,0.018070340156555176,2.0,2.0,3.0
1970,48,2,0.018070340156555176,2.0,4.0,5.0
1971,48,3,0.018070340156555176,2.0,6.0,7.0
1972,48,4,0.018070340156555176,2.0,8.0,9.0
1973,48,5,0.018070340156555176,2.0,10.0,11.0
1974,48,6,0.018070340156555176,2.0,12.0,13.0
1975,48,7,0.018070340156555176,2.0,14.0,15.0
1976,48,8,0.018070340156555176,2.0,16.0,17.0
1977,48,9,1.9414414167404175,2.0,18.0,19.0
1978,48,10,1.9431337118148804,2.0,20.0,21.0
1979,48,11,1.9549932479858398,2.0,22.0,23.0
1980,48,12,1.8716485500335693,2.0,24.0,25.0
1981,48,13,1.9434353113174438,2.0,26.0,27.0
1982,48,14,1.9549944400787354,2.0,28.0,29.0
1983,48,15,1.9530490636825562,2.0,30.0,31.0
1984,48,16,1.9545412063598633,2.0,32.0,33.0
1985,48,17,1.9504528045654297,2.0,34.0,35.0
1986,48,18,1.9535375833511353,2.0,36.0,37.0
1987,48,19,1.9545559883117676,2.0,38.0,39.0
1988,48,20,1.9546009302139282,2.0,40.0,41.0
1989,48,21,1.9541285037994385,2.0,42.0,43.0
1990,48,22,1.9545668363571167,2.0,44.0,45.0
1991,48,23,1.9517021179199219,2.0,46.0,47.0
1992,48,24,1.9482743740081787,2.0,48.0,49.0
1993,48,25,1.9500102996826172,2.0,50.0,51.0
1994,48,26,1.9530611038208008,2.0,52.0,53.0
1995,48,27,1.9486737251281738,2.0,54.0,55.0
1996,48,28,1.9398577213287354,2.0,56.0,57.0
1997,48,29,1.9468295574188232,2.0,58.0,59.0
1998,48,30,1.9447920322418213,2.0,60.0,61.0
1999,48,31,1.9437451362609863,2.0,62.0,63.0
2000,48,32,1.9514490365982056,2.0,64.0,65.0
2001,48,33,1.9536164999008179,2.0,66.0,67.0
2002,48,34,1.9547233581542969,2.0,68.0,69.0
2003,48,35,1.9385349750518799,2.0,70.0,71.0
2004,48,36,1.9277567863464355,2.0,72.0,73.0
2005,48,37,1.9302898645401,2.0,74.0,75.0
2006,48,38,1.9383561611175537,2.0,76.0,77.0
2007,48,39,1.9474366903305054,2.0,78.0,79.0
2008,48,40,1.9424941539764404,2.0,80.0,81.0
2009,49,0,0.9035369157791138,0.0,0.0,0.0
2010,49,1,0.8760985136032104,2.0,2.0,3.0
2011,49,2,0.8852553367614746,2.0,4.0,5.0
2012,49,3,0.8783785104751587,2.0,6.0,7.0
2013,49,4,0.8868870735168457,2.0,8.0,9.0
2014,49,5,1.5867276191711426,2.0,10.0,11.0
2015,49,6,1.611436367034912,2.0,12.0,13.0
2016,49,7,1.8531463146209717,2.0,14.0,15.0
2017,49,8,1.7894420623779297,2.0,16.0,17.0
2018,49,9,1.9135175943374634,2.0,18.0,19.0
2019,49,10,1.9550083875656128,2.0,20.0,21.0
2020,49,11,1.9373373985290527,2.0,22.0,23.0
2021,49,12,1.916414737701416,2.0,24.0,25.0
2022,49,13,1.9194984436035156,2.0,26.0,27.0
2023,49,14,1.9303197860717773,2.0,28.0,29.0
2024,49,15,1.9321880340576172,2.0,30.0,31.0
2025,49,16,1.9166065454483032,2.0,32.0,33.0
2026,49,17,1.9223978519439697,2.0,34.0,35.0
2027,49,18,1.9123175144195557,2.0,36.0,37.0
2028,49,19,1.9512503147125244,2.0,38.0,39.0
2029,49,20,1.944151759147644,2.0,40.0,41.0
2030,49,21,1.9343972206115723,2.0,42.0,43.0
2031,49,22,1.9529365301132202,2.0,44.0,45.0
2032,49,23,1.9523497819900513,2.0,46.0,47.0
2033,49,24,1.9523570537567139,2.0,48.0,49.0
2034,49,25,1.9532296657562256,2.0,50.0,51.0
2035,49,26,1.9538540840148926,2.0,52.0,53.0
2036,49,27,1.9550083875656128,2.0,54.0,55.0
2037,49,28,1.9532740116119385,2.0,56.0,57.0
2038,49,29,1.9540129899978638,2.0,58.0,59.0
2039,49,30,1.954230785369873,2.0,60.0,61.0
2040,49,31,1.9548128843307495,2.0,62.0,63.0
2041,49,32,1.9529286623001099,2.0,64.0,65.0
2042,49,33,1.9539740085601807,2.0,66.0,67.0
2043,49,34,1.9542443752288818,2.0,68.0,69.0
2044,49,35,1.948385238647461,2.0,70.0,71.0
2045,49,36,1.9240434169769287,2.0,72.0,73.0
2046,49,37,1.9349011182785034,2.0,74.0,75.0
2047,49,38,1.9310803413391113,2.0,76.0,77.0
2048,49,39,1.9211901426315308,2.0,78.0,79.0
2049,49,40,1.9284374713897705,2.0,80.0,81.0
